"","TRAP","Zemlishte","DistanceZemlishte","DirectionToZemlishte","Easting","Northing","Source","Type","LU_Around","LU_Top","DiameterMax","HeightMax","Condition","PrincipalSourceOfImpact","elevAster","slopeAster","aspectAster","prom250mbuff","TPI","TRI","rough"
"1",8570,"Slaveykovo",506.62668654588,303.563692387864,475536.744317949,4662936.4198325,"Legacy verification","Burial Mound","Annual agriculture","Scrub","42","0.5","4 - seriously damaged","Anthropogenic",232,0.142689784734882,304.121871556885,31.39,0.0474185943603516,0.0474185943603516,0.361785888671875
"2",8733,"Slaveykovo",544.653563316352,307.844858572186,475544.685863899,4662882.35644905,"Legacy verification","Burial Mound","Annual agriculture","Pasture","35","0.7","4 - seriously damaged","Agriculture",232,0.167040706698654,233.471676916478,82.14,0.0536651611328125,0.0536651611328125,0.39593505859375
"3",8571,"Slaveykovo",568.461319610083,302.768417652232,475592.585881479,4662908.83856971,"Survey","Extinct Burial Mound","Annual agriculture","Annual agriculture","32","0.2","5 - extinct or near extinct","Agriculture",232.608306884766,1.1809816952793,251.156813968731,83.81,0.204299926757812,0.404006958007812,1
"4",8734,"Slaveykovo",579.40737148977,306.363951788758,475581.16424392,4662872.97750638,"Survey","Burial Mound","Annual agriculture","Annual agriculture","25","1.1","3 - damaged","Agriculture",232,0.879348826192854,233.13746920338,27.01,-0.269893646240234,0.28302001953125,1.02587890625
"5",8572,"Slaveykovo",820.894906659846,228.561111973643,475729.980369308,4663759.80064934,"Legacy verification","Burial Mound","Pasture","Pasture","41","2.2","2 - minor damage","Post-depositional",233.937393188477,1.61060027936222,169.141610018809,46.57,0.162822723388672,0.669105529785156,1.96684265136719
"6",8735,"Malomirovo",5538.51498702046,302.317720104984,475084.496594517,4662721.85731605,"Legacy verification","Burial Mound","Forest","Forest","40","6","3 - damaged","Looting",233.033126831055,0.546774546623445,42.3284813856782,66.43,-0.14942741394043,0.190835952758789,1
"7",8573,"Slaveykovo",821.971571884926,225.57129778239,475701.574672774,4663791.91279829,"Survey","Burial Mound","Scrub","Pasture","33","4","4 - seriously damaged","Looting",234.473785400391,1.59959074314908,250.848758759289,38.55,0.378671646118164,0.633073806762695,1.55729675292969
"8",8736,"Malomirovo",5496.99192028559,302.354822203206,475047.501611061,4662741.04853067,"Legacy verification","Burial Mound","Forest","Forest","20","0.5","5 - extinct or near extinct","Looting?",233,0.117952916577619,98.5318772062638,64.52,-0.0665092468261719,0.0665092468261719,0.349273681640625
"9",8574,"Slaveykovo",854.790496966958,226.291562744514,475732.48508657,4663807.16601604,"Survey","Burial Mound","Scrub","Pasture","36","4.5","4 - seriously damaged","Looting",234.493545532227,1.32244823386428,73.7527136399837,17.5,0.316352844238281,0.553585052490234,1.54148864746094
"10",8737,"Malomirovo",5389.71626473523,302.019678017141,474973.67421573,4662825.13942383,"Legacy verification","Burial Mound","Forest","Scrub","50","6","2 - minor damage","Looting",237,1.58872591908857,10.3848097223271,62.95,1.33728218078613,1.33728218078613,2.71812438964844
"11",8575,"Slaveykovo",822.160372016872,235.260783171705,475790.200348903,4663685.01690663,"Survey","Uncertain Feature","Annual agriculture","Pasture","21","0.3","3 - damaged","Agriculture",232.551361083984,2.43882061155551,30.1309027022898,22.26,-0.181039810180664,0.942155838012695,3.00236511230469
"12",8576,"Slaveykovo",789.800380879841,226.448900131872,475687.002467092,4663760.68873747,"Survey","Extinct Burial Mound","Pasture","Pasture","15","0.3","5 - extinct or near extinct","Erosion",233.934829711914,1.66224939433428,213.391361950364,9.71,0.341608047485352,0.727285385131836,2.45513916015625
"13",8577,"Slaveykovo",1000.07203545506,178.041086122608,475080.401313023,4664216.00288914,"Legacy verification","Burial Mound","Scrub","Scrub","35","3","3 - damaged","Looting",196.823455810547,2.75895868388366,21.4419967291985,63.9,0.150922775268555,1.13296318054199,3.33309936523438
"14",8738,"Lalkovo",3414.71640948029,160.01219223353,475539.598453519,4661452.83066883,"Legacy verification","Burial Mound","Pasture","Pasture","25","4","2 - minor damage","Looting",220.81169128418,4.65764279829337,316.357825842987,23.91,-0.478891372680664,1.69464683532715,5.81643676757812
"15",8739,"Slaveykovo",1138.07624988448,335.663087021802,475583.589481806,4662179.57081779,"Survey","Uncertain Feature","Annual agriculture","Annual agriculture","70","2","3 - damaged","Agriculture",228.252090454102,2.86326242097322,172.58296460225,86.13,-0.514068603515625,1.27207183837891,3.71405029296875
"16",8578,"Slaveykovo",1294.67270669124,239.005463688878,476224.401302315,4663883.21521001,"Legacy verification","Burial Mound","Pasture","Pasture","26","1","4 - seriously damaged","Looting",221.017990112305,3.17946496026456,37.290732913331,69.2,0.0377578735351562,1.24811553955078,4.52828979492188
"17",8740,"Malomirovo",3140.15200864224,295.044255604992,473248.835109943,4664353.5401237,"Legacy verification","Burial Mound","Scrub","Scrub","28","4","3 - damaged","Other (military)",163.695007324219,4.32112270464519,311.016163641503,15.05,-0.335296630859375,1.46040344238281,5.90031433105469
"18",8579,"Slaveykovo",1599.27827827799,256.72361409455,476671.121945077,4663583.78736229,"Legacy verification","Burial Mound","Annual agriculture","Scrub","36","1.2","3 - damaged","Agriculture",215.309295654297,3.26167505170721,51.7655613089601,98.21,0.3614501953125,1.06198501586914,4.12460327148438
"19",8741,"Malomirovo",2941.41647008546,301.893989726298,472901.259131292,4664128.72827469,"Survey","Burial Mound?","Annual agriculture","Scrub","35","2","3 - damaged","Looting",171.414138793945,7.59299217373295,13.2549394458829,60.65,-0.00160408020019531,3.18787574768066,9.10830688476562
"20",8580,"Lalkovo",4584.78609506612,185.408146212893,477138.932856751,4662808.17566701,"Survey","Burial Mound","Pasture","Scrub","17","0.5","3 - damaged","Animal activity",255.69873046875,5.55935552785215,345.526201398586,53.79,-0.377534866333008,2.30994987487793,7.06317138671875
"21",9740,"Malomirovo",3075.23391243526,312.613379605882,472667.101373014,4663600.74304756,"Survey","Burial Mound","Annual agriculture","Scrub","25","2.5","3 - damaged","Other (Military activity)",195.742126464844,5.8017669062818,318.565875574131,82.73,0.270204544067383,2.12781715393066,7.91453552246094
"22",9825,"Chernozem",312.044335804193,262.074960504102,467848.192780376,4662406.3335039,"Legacy verification","Tell","Pasture","Pasture","100","7","2 - minor damage","Excavation?",110.983108520508,1.44242241319982,203.526799418595,85.25,-0.0574798583984375,0.497323989868164,1.97681427001953
"23",8581,"Melnitsa",5015.71353943379,199.565937922985,465746.812568691,4659910.1800027,"Legacy verification","Burial Mound","Forest","Scrub","25","1.7","3 - damaged","Looting",190.915405273438,3.68516978978746,250.2839380307,18.77,0.443058013916016,1.18607711791992,3.90335083007812
"24",8582,"Chernozem",2409.30582865143,43.6235183153058,465876.908267679,4660619.24030136,"Legacy verification","Burial Mound","Annual agriculture","Pasture","30","1.7","3 - damaged","Looting",222.672805786133,4.45958318428296,298.528620530959,50.72,0.412555694580078,1.51575469970703,5.77473449707031
"25",9827,"Chernozem",949.947825941149,122.819312684452,466740.807767811,4662878.17329589,"Legacy verification","Extinct Burial Mound","Forest","Pasture","30","1","5 - extinct or near extinct","Other (Cut made by a machine. Soil moved to the north and south east. )",180.004043579102,0.474253238779706,336.279545639428,75.9,-0.0489921569824219,0.255363464355469,1.79484558105469
"26",8583,"Chernozem",1805.63835418559,69.4640638616197,465848.234399169,4661729.90110043,"Legacy verification","Burial Mound","Pasture","Annual agriculture","40","5","3 - damaged","Looting",170.491683959961,2.26427803379537,303.892699154037,20.65,-0.647773742675781,0.905864715576172,3.52095031738281
"27",8584,"Chernozem",1798.14160231012,70.999445767338,465838.958062048,4661777.875551,"Legacy verification","Burial Mound","Forest","Scrub","30","4","4 - seriously damaged","Looting",172.397720336914,2.58031779212424,177.576193578862,70.5,0.492458343505859,1.02938842773438,3.42788696289062
"28",8585,"Chernozem",1773.83616815564,71.3324347376629,465858.611159865,4661795.54595946,"Legacy verification","Burial Mound","Forest","Forest","18","1.5","3 - damaged","Looting",172.146484375,2.41493223798082,129.895460426307,7.58,0.643363952636719,1.18787002563477,3.1175537109375
"29",8586,"Chernozem",1753.35625647403,71.3264953723571,465878.071841259,4661801.92891199,"Legacy verification","Burial Mound","Forest","Forest","36","4","3 - damaged","Looting",170.642135620117,4.63434498845084,83.5520426342006,55.8,0.111244201660156,1.47250366210938,4.52586364746094
"30",8587,"Chernozem",1715.73765705932,73.8433681238257,465891.154801874,4661885.88133522,"Legacy verification","Extinct Burial Mound","Annual agriculture","Annual agriculture","0","0","0 - No observation","Agriculture",167.127044677734,4.18078475855151,35.0827980531182,41.01,0.452695846557617,1.72980308532715,5.5771484375
"31",9828,"Chernozem",706.164189729333,147.011459079907,467154.642557532,4662955.62567064,"Legacy verification","Uncertain Feature","Forest","Pasture","14","2.5","3 - damaged","Looting (Probably treasure hunters trench)",189.03401184082,3.21614803121403,310.049280285808,86.69,0.523599624633789,1.32857704162598,4.61984252929688
"32",8588,"Chernozem",1758.95114130578,72.7849940004791,465858.977003719,4661842.73357143,"Legacy verification","Extinct Burial Mound","Annual agriculture","Annual agriculture","25","0.5","4 - seriously damaged","Agriculture",172.538360595703,4.43526768764142,56.8980646127701,57.25,1.38931274414062,1.85357666015625,5.19398498535156
"33",8589,"Chernozem",1875.89881036912,74.4367856054768,465732.009662304,4661860.00338913,"Legacy verification","Extinct Burial Mound","Annual agriculture","Annual agriculture","0","0","0 - No observation","Agriculture",164.809509277344,9.12676328389265,287.264092154266,66.67,0.865739822387695,3.0661449432373,10.2352752685547
"34",8590,"Chernozem",1808.69004830937,71.8469816104945,465820.461044751,4661799.80167117,"Legacy verification","Burial Mound","Forest","Forest","20","2.5","4 - seriously damaged","Looting",172.397720336914,2.58031779212424,177.576193578862,64.75,0.492458343505859,1.02938842773438,3.42788696289062
"35",9744,"Malomirovo",762.799838694616,33.5278450494129,469982.59026516,4665046.94024943,"Survey","Surface Scatter","Annual agriculture","Annual agriculture","90","0.5","3 - damaged","Agriculture",146.324417114258,3.42168844400163,138.366680672945,47.12,0.380058288574219,1.25412368774414,4.50868225097656
"36",8742,"Granitovo",3154.53731235459,177.617842638091,461416.902971252,4663743.7511994,"Legacy verification","Burial Mound","Scrub","Pasture","40","1.8","3 - damaged","Looting",94.8552932739258,3.50024163512011,134.567235693888,8.76,0.698250770568848,1.49714374542236,3.7510986328125
"37",8743,"Granitovo",2695.23841853469,190.938855453,462059.471776164,4663238.20658032,"Legacy verification","Burial Mound","Scrub","Pasture","25","4.5","3 - damaged (01 trench is minor damage. the geodetic marker also creates damage )","Looting",138.768951416016,4.69551192265333,58.1179952960974,79.64,0.445758819580078,1.84508895874023,5.3834228515625
"38",8591,"Granitovo",2851.1075567076,339.566442593409,462543.401130292,4657920.23072883,"Legacy verification","Burial Mound","Annual agriculture","Pasture","30","2.5","3 - damaged","Looting",220.859329223633,5.32251892520359,189.121139369272,77.54,0.222108840942383,2.22436332702637,6.14999389648438
"39",8744,"Granitovo",2773.40104387156,191.328127565829,462092.792071771,4663311.31057443,"Survey","Burial Mound?","Scrub","Pasture","15","1.2","3 - damaged","Looting",133.981857299805,2.89407640703633,15.0259207175461,24.82,0.594158172607422,1.202880859375,3.60356140136719
"40",8592,"Granitovo",2577.18356456015,344.689650809099,462228.518063126,4658106.22131815,"Legacy verification","Burial Mound","Annual agriculture","Pasture","25","1.7","3 - damaged","Construction",218.854919433594,3.98876005758755,192.047632893364,90.65,-1.13678932189941,2.14539527893066,7.00253295898438
"41",8745,"Granitovo",2785.87880819154,191.665159236992,462111.301643548,4663320.2790728,"Legacy verification","Burial Mound","Scrub","Pasture","16","3","2 - minor damage","Looting",133.384887695312,3.21214103386803,38.3219724367608,51.8,0.526205062866211,1.32773017883301,4.03004455566406
"42",8746,"Granitovo",2743.14511886371,191.114137971783,462076.799671949,4663283.63775267,"Survey","Uncertain Feature","Scrub","Pasture","12","0.7","5 - extinct or near extinct","Looting",134.989532470703,2.4748438246845,30.28574433305,25.99,0.127967834472656,0.975704193115234,3.59941101074219
"43",8593,"Melnitsa",1604.66371973109,138.411012471672,463001.945281554,4656384.25947433,"Legacy verification","Burial Mound","Annual agriculture","Scrub","20","1.5","2 - minor damage","Animal activity",238,0.142272595967188,260.896794305039,95.26,0.296417236328125,0.296417236328125,0.841583251953125
"44",8594,"Melnitsa",1867.97734734992,105.593392044851,462267.869150718,4655686.21889213,"Legacy verification","Burial Mound","Annual agriculture","Scrub","15","0.5","2 - minor damage","Animal activity",211.711044311523,2.84470295487931,35.653771407771,84.84,0.0588150024414062,1.11419296264648,4.37098693847656
"45",8747,"Granitovo",2014.43161958254,207.728234169308,462485.291080501,4662375.04323215,"Legacy verification","Burial Mound","Scrub","Pasture","14","1.2","2 - minor damage","Other (Geodetic marker on top of the mound )",182.979919433594,1.28242541551929,153.838912703862,87.05,0.902961730957031,0.902961730957031,2.56794738769531
"46",8595,"Granitovo",5166.84576431867,353.07223146029,462171.234207286,4655462.81734081,"Legacy verification","Other","Scrub","Scrub","5","3","2 - minor damage","Erosion",214.976425170898,4.10188971217432,163.684460777641,55.11,1.43416976928711,1.91647720336914,5.69645690917969
"47",8748,"Granitovo",1994.94941902455,206.951271901419,462452.195817934,4662370.22252951,"Survey","Other","Scrub","Pasture","14","2","1 - pristine","Other (military and vegetation )",182.864852905273,0.924834779494818,354.399556178122,78.26,0.690505981445312,0.763439178466797,2.38191223144531
"48",8596,"Melnitsa",3219.24000865212,57.3862642164122,461355.45234972,4653449.0076705,"Legacy verification","Extinct Burial Mound","Scrub","Scrub","10","0","0 - No observation","Natural",227.561004638672,3.20358844038312,323.954803369607,54.29,0.330299377441406,1.27898406982422,4.28495788574219
"49",8749,"Granitovo",2346.55156956449,270.940996405517,463894.254883461,4660553.4031447,"Legacy verification","Burial Mound","Pasture","Scrub","25","4.5","4 - seriously damaged","Looting",172.705596923828,0.739406518645607,27.0314973329723,78.7,0.185062408447266,0.449977874755859,1.34019470214844
"50",8750,"Granitovo",2433.66854348601,271.680326389811,463980.641811496,4660520.57744636,"Legacy verification","Burial Mound","Scrub","Pasture","15","4","2 - minor damage","Road cut",165.345733642578,11.1735899306166,76.9634497651381,34.06,0.332574844360352,3.66378974914551,11.1355743408203
"51",8751,"Granitovo",2475.45065174943,290.284963698871,463869.942853215,4659733.72720274,"Legacy verification","Other","Perennial agriculture","Pasture","14","1.2","2 - minor damage","Other (geodetic marker)",221.503753662109,2.81941727555822,58.5382032714522,42.81,-0.08856201171875,1.09838104248047,3.79202270507812
"52",8597,"Melnitsa",1294.04431964049,63.6305781375252,462907.695306957,4654609.33130929,"Legacy verification","Other","Forest","Forest","0","0","0 - No observation","No observation",215.627410888672,6.08754730984171,6.44653699362047,96.04,0.83575439453125,2.54501342773438,7.27046203613281
"53",8752,"Melnitsa",2707.45712850691,178.292210014287,463986.404900493,4657890.34478438,"Legacy verification","Other","Perennial agriculture","Perennial agriculture","0","0","0 - No observation","No observation",241.876510620117,4.08999567084336,25.7641445798763,3.6,0.174646377563477,1.65243721008301,5.467529296875
"54",8598,"Elhovo",2311.20006132885,221.276865156306,465959.766292011,4670702.25317529,"Legacy verification","Burial Mound","Annual agriculture","Scrub","27","3","2 - minor damage","Animal activity",125.468795776367,1.02986677409177,83.3000716899362,98.56,0.198756217956543,0.387993812561035,1.12174987792969
"55",8599,"Elhovo",2404.32012631303,221.268571107554,466020.93585414,4670772.46533675,"Legacy verification","Burial Mound","Annual agriculture","Scrub","40","4","3 - damaged","Looting",125,0.330471952368773,140.580037290182,80.58,0.110738754272461,0.110738754272461,0.673919677734375
"56",9745,"Malomirovo",1459.1844091274,54.4245267666978,469217.089329268,4664833.90674409,"Survey","Surface Scatter","Annual agriculture","Annual agriculture","0","0","0 - No observation","Agriculture",145.209808349609,6.07290900231652,177.133364667044,46.24,0.257268905639648,2.49206733703613,8.08074951171875
"57",9829,"Dobrich",2753.96039015488,194.552450412373,472794.24990788,4671236.78443446,"Legacy verification","Other","Pasture","Pasture","22","2.5","1 - pristine","Other (Military construction and geodetic marker)",196.718704223633,1.72748285626535,38.2233948558453,65.09,-0.0549736022949219,0.702571868896484,2.2352294921875
"58",8600,"Elhovo",2838.56088629728,219.435857702572,466238.165205171,4671157.63896994,"Survey","Surface Scatter","Annual agriculture","Annual agriculture","80","0","0 - No observation","Agriculture",135.659851074219,1.95486394272569,352.714450996709,21.94,0.134881973266602,0.762266159057617,2.32879638671875
"59",8601,"Elhovo",3546.25554893884,215.285644379866,466483.577195951,4671860.06148956,"Legacy verification","Burial Mound","Annual agriculture","Annual agriculture","40","2","4 - seriously damaged","Agriculture",148.793640136719,2.77294300683837,282.236488888185,64.03,0.765876770019531,1.21490478515625,3.34226989746094
"60",9830,"Dobrich",2800.21276392522,192.883914979803,472726.654339256,4671300.89065432,"Survey","Burial Mound","Scrub","Pasture","25","1.5","4 - seriously damaged","Other (Military activity )",195.503677368164,2.87751241779403,0.311379981397767,61.51,-0.100124359130859,1.15117645263672,3.99258422851562
"61",8602,"Kirilovo",2288.51668000953,353.973335671976,468484.81697469,4672245.3664085,"Legacy verification","Burial Mound","Annual agriculture","Pasture","36","2.5","3 - damaged","Looting",157.059692382812,4.81882157221256,327.195766059457,70.61,0.428169250488281,1.89946365356445,6.6827392578125
"62",8603,"Kirilovo",2253.81244409187,349.556403980402,468653.085589725,4672304.75937787,"Legacy verification","Extinct Burial Mound","Annual agriculture","Pasture","0","0","5 - extinct or near extinct","Agriculture",155.053405761719,5.58863103226308,358.182165263733,54.12,0.26707649230957,2.25412178039551,6.28269958496094
"63",9831,"Kirilovo",3135.89639392526,325.756931910878,470009.126998631,4671928.92146205,"Legacy verification","Other","Annual agriculture","Scrub","10","0","1 - pristine","Other (Geodetic point )",170.147415161133,4.34830623712963,149.458268666649,75.54,-0.0141334533691406,1.76545715332031,5.62416076660156
"64",9832,"Kirilovo",3198.97113792632,325.239692353651,470068.418695238,4671893.13801925,"Survey","Surface Scatter","Annual agriculture","Annual agriculture","0","0","2 - minor damage","Agriculture",166.151397705078,4.27612392429699,158.058929171454,68.23,-0.352880477905273,1.75901222229004,5.27996826171875
"65",8604,"Elhovo",4609.91284576623,245.607209937637,468633.48352577,4670869.16279887,"Legacy verification","Burial Mound","Annual agriculture","Annual agriculture","45","2","4 - seriously damaged","Agriculture",166.715133666992,1.35915586515714,324.655602043266,94.62,0.303348541259766,0.545021057128906,1.99562072753906
"66",8605,"Elhovo",4109.68854033338,249.298384492753,468279.41426414,4670418.09559243,"Legacy verification","Burial Mound","Annual agriculture","Annual agriculture","45","2","4 - seriously damaged","Agriculture",166.032424926758,2.55884049370353,109.38064129839,56.12,0.658473968505859,1.01125717163086,3.31983947753906
"67",9833,"Dobrich",1902.04983660414,150.902234454199,471177.303504655,4670233.17091009,"Survey","Uncertain Feature","Annual agriculture","Scrub","14","1.8","1 - pristine","Agriculture",151.941421508789,4.46847894705742,311.298791369523,3.6,-0.566055297851562,1.58442687988281,5.91206359863281
"68",8606,"Elhovo",3921.17935374819,248.963865162394,468094.920941022,4670372.84913097,"Legacy verification","Extinct Burial Mound","Annual agriculture","Annual agriculture","25","0.4","4 - seriously damaged","Agriculture",158.736740112305,4.80726429572253,296.306671936054,95.7,0.0261611938476562,1.54990386962891,5.70954895019531
"69",9834,"Dobrich",1864.73908290133,151.179334883816,471203.338602933,4670204.93572095,"Survey","Uncertain Feature","Annual agriculture","Scrub","5","1.6","2 - minor damage (Animal holes)","Agriculture",156.83366394043,3.9185520477615,312.429113119378,0.36,0.188451766967773,1.30766105651855,5.13720703125
"70",9835,"Dobrich",1805.18245115203,152.341509728432,471264.306273945,4670170.08106861,"Survey","Uncertain Feature","Annual agriculture","Scrub","14","1.7","2 - minor damage","Agriculture",160.971145629883,4.772889071894,279.900497085381,34.3,0.450895309448242,1.52713203430176,5.01408386230469
"71",9836,"Dobrich",1443.21200517387,157.935530126595,471560.130759214,4669908.69021452,"Legacy verification","Other","Annual agriculture","Scrub","40","3","2 - minor damage (On the entrance on the north west side of the bunker. As a military structure it is in good condition. )","Other (Military activity )",180.138153076172,0.584735880865714,195.304977539267,57.09,0.138938903808594,0.292240142822266,1.4959716796875
"72",9837,"Dobrich",2588.89141757137,99.8113893689473,469551.246414074,4669012.33754067,"Legacy verification","Other","Annual agriculture","Scrub","2","1","2 - minor damage (Entrance damaged )","Other (Military construction )",154.851272583008,3.48491123244854,184.087084069472,16.25,-0.164474487304688,1.39033889770508,4.92617797851562
"73",9838,"Dobrich",2593.62054574287,100.079947182488,469548.6861157,4669025.11757002,"Legacy verification","Burial Mound?","Annual agriculture","Annual agriculture","30","0.4","5 - extinct or near extinct","Agriculture",154.851272583008,3.48491123244854,184.087084069472,82.67,-0.164474487304688,1.39033889770508,4.92617797851562
"74",9839,"Dobrich",2648.8804083146,100.279100812213,469495.906433633,4669043.85154107,"Legacy verification","Burial Mound","Annual agriculture","Annual agriculture","25","0.5","5 - extinct or near extinct","Agriculture",153.169692993164,4.554292063404,292.326377799961,72.14,0.0552120208740234,1.45730400085449,4.88121032714844
"75",9840,"Dobrich",2677.82245312247,101.23255350759,469475.745021616,4669092.79401676,"Survey","Other","Annual agriculture","Scrub","11","0.3","3 - damaged","Erosion",150.161468505859,4.26584476566174,259.490158039262,1.08,-0.897762298583984,1.88589096069336,5.10015869140625
"76",9841,"Dobrich",2900.75416457351,116.230791086336,469500.235499702,4669853.27499856,"Survey","Other","Annual agriculture","Scrub","20","1.5","1 - pristine","Erosion",154.341323852539,4.38067486650233,33.9115206637914,59.06,0.0433998107910156,1.7271728515625,5.88067626953125
"77",9842,"Dobrich",2912.70625882,115.466693903329,469472.578534352,4669823.60045609,"Legacy verification","Other","Annual agriculture","Scrub","7","1","1 - pristine","Other (geodetic marker )",158.123474121094,2.80422480464003,14.2690148141884,90.29,0.902658462524414,1.2570629119873,3.60595703125
"78",9843,"Dobrich",2931.25780909797,114.23848427221,469429.42129123,4669774.56218127,"Survey","Other","Annual agriculture","Scrub","6","0","5 - extinct or near extinct","Other (Collapsed and poorly made)",157.648254394531,3.07159902208496,224.206236018802,5.73,0.867515563964844,1.26824951171875,4.47886657714844
"79",8607,"Lesovo",2342.12307281491,319.665118810638,466167.828321998,4647590.96198818,"Legacy verification","Burial Mound","Pasture","Pasture","30","1","3 - damaged","Looting",323.768646240234,2.03883781839731,307.037830725707,56.83,-0.127311706542969,0.6593017578125,2.09774780273438
"80",8608,"Lesovo",2092.31572792716,301.387181449632,466438.021475334,4648286.58544606,"Legacy verification","Extinct Burial Mound","Annual agriculture","Annual agriculture","15","0.3","5 - extinct or near extinct","Agriculture",321.002838134766,1.80068547740469,268.671281655069,52.69,-0.0481910705566406,0.550060272216797,2.00213623046875
"81",9844,"Lesovo",3107.48081145525,112.575672299443,461782.515047574,4650569.27463503,"Legacy verification","Extinct Burial Mound","Scrub","Scrub","0","0","5 - extinct or near extinct","Agriculture",290,0.377838329817929,122.055025704193,71.01,-0.707645416259766,0.707645416259766,1.26040649414062
"82",9845,"Lesovo",2344.27890633182,99.9661110300099,462342.975459501,4649782.01668818,"Legacy verification","Other","Pasture","Pasture","15","1.7","2 - minor damage","Erosion",296.405334472656,2.41323033751096,222.393062889355,46.24,0.737430572509766,1.03397750854492,3.18743896484375
"83",8609,"Lesovo",2799.63300731939,275.891306724851,467436.726346186,4649088.94366646,"Legacy verification","Other","Pasture","Pasture","38","3","0 - No observation","Construction",365,0.466009606403376,313.00430326826,93.48,0.579143524169922,0.579143524169922,1.0687255859375
"84",8610,"Lesovo",4060.2601398103,263.368677962186,468684.975998107,4649845.18209847,"Legacy verification","Burial Mound","Pasture","Pasture","45","2.5","2 - minor damage","Post-depositional",369.020782470703,5.83281428306658,6.35213119878325,23.91,0.95855712890625,2.47658538818359,7.52743530273438
"85",9846,"Melnitsa",1966.70294010918,346.068958145473,464540.584381144,4653275.23555206,"Legacy verification","Burial Mound","Scrub","Scrub","18","2.5","3 - damaged","Looting",262.868591308594,1.72936919464295,212.722863536019,67.64,0.566448211669922,0.831333160400391,3.09323120117188
"86",9847,"Melnitsa",2275.50022353697,317.483548918743,465604.880238391,4653506.85698528,"Legacy verification","Burial Mound?","Pasture","Forest","15","3","2 - minor damage","Agriculture",184.963653564453,2.15439332325187,349.852165758126,31.05,0.142513275146484,0.892902374267578,2.99497985839844
"87",8611,"Lesovo",3773.70650999383,232.408464699917,467642.088592741,4651678.36955235,"Legacy verification","Uncertain Feature","Scrub","Pasture","20","0.5","4 - seriously damaged","Construction",277.73388671875,3.35283054225224,218.218368826367,92,0.0309677124023438,1.27499389648438,4.43771362304688
"88",8753,"Malomirovo",2156.09269198958,340.988481821715,471106.281719364,4663644.33899988,"Legacy verification","Burial Mound","Annual agriculture","Scrub","30","3","2 - minor damage","Animal activity",167.243225097656,3.23508262725349,339.007431288892,53.57,0.601676940917969,1.30556106567383,4.18949890136719
"89",9848,"Melnitsa",1447.59207374801,215.006672532733,464897.535722648,4656369.79156426,"Legacy verification","Burial Mound","Scrub","Forest","35","4.5","2 - minor damage","Erosion",221.705139160156,1.45931150265051,107.692516673344,15.41,0.188224792480469,0.452224731445312,1.44358825683594
"90",8612,"Lesovo",2751.97295241284,241.889050005575,467079.221382968,4650672.97839297,"Legacy verification","Burial Mound","Annual agriculture","Annual agriculture","50","6","3 - damaged","Agriculture",284.438873291016,4.66413431134803,308.958379487883,34.89,0.424556732177734,1.6669807434082,5.982177734375
"91",8754,"Malomirovo",2096.57512567525,340.663527153978,471098.124518846,4663704.51544869,"Survey","Other","Scrub","Pasture","8","2.5","0 - No observation","Other",163.690063476562,2.36339174663587,324.380411839695,24.09,-0.114946365356445,0.90742301940918,3.07835388183594
"92",9746,"Malomirovo",296.965554862334,282.828678921399,470693.469590814,4665616.88632154,"Survey","Burial Mound","Urban","Pasture","40","4","1 - pristine","No observation",158.590682983398,2.19270213111434,113.388473217224,72.76,-0.214635848999023,0.672048568725586,2.2037353515625
"93",8614,"Valcha polyana",620.729839256049,284.019818433009,473884.582899453,4650694.23711913,"Legacy verification","Burial Mound","Pasture","Pasture","22","3","2 - minor damage","Animal activity",287.776641845703,2.70316817618885,226.410661162964,63.27,-0.114459991455078,0.941173553466797,3.69155883789062
"94",9849,"Melnitsa",1202.05065980191,254.273809999319,465224.148374177,4655509.89463185,"Legacy verification","Burial Mound","Annual agriculture","Annual agriculture","30","2","2 - minor damage","Agriculture",212.489334106445,3.6897676707429,307.716516221584,18.71,1.11770629882812,1.64692687988281,5.54287719726562
"95",8755,"Golyam Dervent",3519.04561331442,205.660453980245,480275.04492142,4651341.42234197,"Survey","Burial Mound?","Forest","Scrub","12","0.6","2 - minor damage","Post-depositional",435.506439208984,3.56642053920498,136.33479434603,76.53,0.669876098632812,1.28882598876953,5.07843017578125
"96",8615,"Valcha polyana",891.714725152631,304.239710583311,474019.515733431,4650342.88451529,"Legacy verification","Burial Mound","Pasture","Scrub","20","2.5","3 - damaged","Looting",294.545379638672,4.15566743178407,309.645638537197,79.42,-0.0496864318847656,1.40340042114258,5.35406494140625
"97",9850,"Melnitsa",1150.36692826276,255.096572402097,465178.762314558,4655479.95382634,"Legacy verification","Burial Mound","Annual agriculture","Annual agriculture","30","2","2 - minor damage","Agriculture",210.195724487305,3.37888290135767,232.666310119315,14.75,1.00874519348145,1.56975364685059,4.17127990722656
"98",8756,"Iglika",3397.7787087215,16.6375118930525,480302.243176963,4651345.78790794,"Survey","Burial Mound?","Forest","Forest","10","0.5","3 - damaged","Looting?",434.478607177734,4.28497905661546,155.770860966105,87.1,0.405811309814453,1.75526809692383,5.14266967773438
"99",9747,"Malomirovo",847.712316539095,94.0641856659288,469558.336232743,4665742.90425763,"Survey","Surface Scatter","Annual agriculture","Annual agriculture","120","0","2 - minor damage","Agriculture",127.38020324707,7.85301026866598,341.847078239946,73.55,0.0273170471191406,3.2747917175293,10.0484237670898
"100",9851,"Melnitsa",1365.66561006493,253.073197800431,465373.594481869,4655581.70345715,"Survey","Surface Scatter","Annual agriculture","Annual agriculture","0","0","3 - damaged","Agriculture",218.096115112305,2.83478716359215,345.618008466534,98.91,0.506261825561523,1.18605995178223,3.86318969726562
"101",8616,"Valcha polyana",950.888494534772,343.463370288851,473552.993113966,4649933.0557686,"Legacy verification","Burial Mound","Pasture","Pasture","22","2","3 - damaged","Animal activity",308.605010986328,9.04777999880748,68.5166793647724,66.67,0.702011108398438,3.04491424560547,10.4727172851562
"102",8757,"Golyam Dervent",3771.0213891718,214.699840369614,480897.924409821,4651269.76739954,"Legacy verification","Extinct Burial Mound","Forest","Forest","0","0","5 - extinct or near extinct","Other (specify in Annotation) (Mound is not here, but we were unable to establish the reason why.)",479.740234375,6.54532128873555,269.00697375276,53.65,1.38586044311523,2.38717269897461,6.60479736328125
"103",8617,"Golyam Dervent",2514.16027734472,132.048330429373,476884.202315955,4649853.31567681,"Legacy verification","Burial Mound","Scrub","Forest","22","1.7","3 - damaged","Looting",384.712188720703,2.47775908303014,268.07928494061,26.88,-0.967845916748047,1.2814826965332,4.96456909179688
"104",8618,"Golyam Dervent",1739.82321623562,132.686355025486,477472.265362344,4649349.01205593,"Legacy verification","Burial Mound","Pasture","Forest","28","1.5","4 - seriously damaged","Looting",385.643646240234,1.51834885602506,297.809668303784,64.49,0.395393371582031,0.612403869628906,1.91033935546875
"105",8758,"Golyam Dervent",3382.93766277714,221.486651331552,480992.179754644,4650703.63134614,"Survey","Burial Mound?","Pasture","Pasture","10","0.8","3 - damaged","Looting",462.037780761719,3.42126153187249,193.415343688456,58.48,0.690357208251953,1.42702102661133,4.50131225585938
"106",9852,"Malko Kirilovo",1411.77566231833,220.132758917858,469254.440923418,4654443.6544148,"Legacy verification","Burial Mound?","Perennial agriculture","Scrub","12","2","1 - pristine","Erosion",281.926971435547,3.81855937886767,18.0916210746598,77.17,0.500007629394531,1.57460021972656,4.86041259765625
"107",8619,"Golyam Dervent",824.316413935605,355.688195710584,478813.14333288,4647347.45533248,"Legacy verification","Other","Scrub","Pasture","50","3","0 - No observation","Construction",402.081085205078,3.41744243682165,121.946202497418,88.49,1.13334274291992,1.35445022583008,4.7847900390625
"108",8759,"Golyam Dervent",3514.724060475,239.774483189074,481788.067555927,4649938.76763003,"Legacy verification","Burial Mound","Pasture","Forest","17","2.4","3 - damaged","Looting",491.730926513672,3.32580058616105,223.099765577414,52.35,-0.108367919921875,1.41063690185547,4.93838500976562
"109",9853,"Razdel",3714.78393786271,0.0218853974390794,471339.128587534,4654843.69150141,"Legacy verification","Burial Mound","Forest","Forest","20","1","4 - seriously damaged","Looting",299,1.74164571410609,24.5341359624706,6.07,0.763900756835938,0.763900756835938,2.35800170898438
"110",8760,"Golyam Dervent",2907.39020145593,240.718657070421,481287.076622436,4649591.43871401,"Legacy verification","Burial Mound","Pasture","Pasture","18","2.5","2 - minor damage","Erosion",454.679748535156,4.1739733201807,241.494642961471,28.16,0.0153007507324219,1.41000747680664,4.92996215820312
"111",9854,"Razdel",3748.2775225547,0.0258708043252578,471338.855069479,4654810.19802782,"Survey","Burial Mound?","Scrub","Scrub","20","1.6","3 - damaged","Other (Military trench)",299,0.244963939292659,201.900252075098,9.35,0.103668212890625,0.103668212890625,0.389678955078125
"112",9855,"Razdel",3199.41766036409,3.19784261595609,471162.071504365,4655364.03943202,"Legacy verification","Burial Mound","Scrub","Scrub","20","2","2 - minor damage","Agriculture",318.855407714844,4.33520204241356,143.736462809439,7.55,0.189949035644531,1.66995239257812,5.66778564453125
"113",9856,"Razdel",3058.97595076295,4.8746977398572,471080.605174082,4655510.56377881,"Legacy verification","Extinct Burial Mound","Scrub","Scrub","0","0","0 - No observation","No observation",329.214721679688,5.24308377442022,187.284907706529,48.19,0.063507080078125,2.14413452148438,6.36376953125
"114",8623,"Lalkovo",601.421691577322,29.671481722134,476409.097882505,4657721.23632043,"Survey","Uncertain Feature","Annual agriculture","Scrub","12","0.7","0 - No observation","Agriculture",229.048950195312,5.03503354061309,285.158540851948,68.46,0.70466423034668,1.60700416564941,5.39517211914062
"115",8624,"Lalkovo",889.694553501423,34.1410821436249,476207.491836718,4657507.43547296,"Legacy verification","Burial Mound","Annual agriculture","Scrub","18","1","3 - damaged","Agriculture",231.479904174805,1.70966511889836,39.3433713525359,55.27,1.50055503845215,1.50055503845215,3.89834594726562
"116",9857,"Melnitsa",3215.50229849949,269.552990190311,467282.497368502,4655209.17668986,"Legacy verification","Burial Mound","Annual agriculture","Pasture","11","0.5","3 - damaged","Agriculture",253,0.657281996163721,8.1379902072383,23.64,-0.0225753784179688,0.290943145751953,1.59257507324219
"117",8761,"Lalkovo",2835.60603445979,95.3288995591081,473883.466921067,4658507.14911151,"Legacy verification","Burial Mound","Forest","Forest","20","2.5","4 - seriously damaged","Looting",225.750030517578,0.166788389444241,342.084712826127,13.45,0.857822418212891,0.857822418212891,1.49276733398438
"118",9858,"Melnitsa",2820.84132802934,257.415546432741,466820.166129704,4655798.69074546,"Legacy verification","Burial Mound","Pasture","Forest","25","1.5","2 - minor damage","Erosion",252,0.0159718695704474,48.7164940527156,29.93,0.263271331787109,0.263271331787109,0.529281616210938
"119",8625,"Lalkovo",1884.41845642243,34.5343043398874,475638.541418575,4656691.4391298,"Survey","Uncertain Feature","Scrub","Pasture","16","0.6","3 - damaged","Animal activity",242.1884765625,2.84970121842883,331.568399010022,71.33,0.529106140136719,1.17899322509766,3.47865295410156
"120",8626,"Lalkovo",1470.9249191054,41.5188781143851,475731.790143092,4657142.46197051,"Legacy verification","Burial Mound","Scrub","Scrub","35","3.5","2 - minor damage","Animal activity",241.38069152832,1.56677576132618,359.772782760345,13.67,-0.0770988464355469,0.717494964599609,2.77143859863281
"121",9859,"Melnitsa",3039.66422310484,248.363904754859,466892.595756052,4656304.8455286,"Legacy verification","Burial Mound","Annual agriculture","Scrub","30","4","3 - damaged","Looting",238,0.402872365658999,90.0015138095813,70.5,0.0431938171386719,0.184848785400391,0.8319091796875
"122",9860,"Melnitsa",3082.97657763503,245.040314162389,466862.134673333,4656485.04615263,"Survey","Burial Mound?","Annual agriculture","Scrub","16","1","3 - damaged","Looting",226.464401245117,4.77064094053428,322.676859810119,32.49,-0.0843582153320312,1.8407096862793,5.82203674316406
"123",8627,"Lalkovo",2208.79824221794,6.02921264170949,476474.815153593,4656047.21819428,"Legacy verification","Burial Mound","Scrub","Scrub","20","1.5","3 - damaged","Erosion",284,0.499504829865001,298.88805073481,53.96,0.0760154724121094,0.386348724365234,1.33010864257812
"124",8762,"Razdel",1122.38040966439,143.250350323455,470669.005220224,4659457.79085683,"Legacy verification","Burial Mound","Annual agriculture","Annual agriculture","40","2.4","3 - damaged","Agriculture",214.403137207031,2.85806643952904,299.559638675689,26.43,0.1842041015625,0.940475463867188,3.51629638671875
"125",9861,"Melnitsa",3011.71940937308,249.187463093296,466882.291482853,4656254.18881228,"Survey","Burial Mound","Annual agriculture","Annual agriculture","0 (unknown due to the ploughed field, that had made it very flat)","0.2","5 - extinct or near extinct","Agriculture",238,0.822801095051728,50.0931384942146,24.01,-0.0852203369140625,0.274147033691406,1.27134704589844
"126",8628,"Lalkovo",2036.98233377868,2.91596075339615,476603.193779004,4656209.45350648,"Legacy verification","Extinct Burial Mound","Scrub","Scrub","0","0","0 - No observation","No observation",270.631530761719,2.53359673980597,10.8345393440388,41.88,-0.0499992370605469,1.04418563842773,3.33270263671875
"127",8629,"Lalkovo",2801.13693539602,352.144251477706,477089.675409504,4655468.94924206,"Legacy verification","Burial Mound","Scrub","Scrub","35","4","3 - damaged","Erosion",279.971343994141,3.78794326982061,70.0378431491157,32.85,-0.180469512939453,1.24450302124023,3.99249267578125
"128",9862,"Razdel",3223.28351132388,63.6623188750744,468451.857460302,4657128.43102039,"Legacy verification","Burial Mound","Forest","Forest","40","4","4 - seriously damaged","Looting",207.123992919922,3.90642875449541,296.348053689504,74.09,0.545372009277344,1.4727783203125,4.52961730957031
"129",8630,"Lalkovo",2764.9712077991,351.422924840138,477119.184432375,4655509.75026844,"Survey","Burial Mound","Scrub","Scrub","22","1.2","2 - minor damage","Animal activity",278.216827392578,3.525560647319,82.4876343881003,38.71,0.00435256958007812,1.10976028442383,3.538818359375
"130",8763,"Razdel",3647.45242791292,185.344634638991,471680.294048292,4662190.07006837,"Survey","Burial Mound","Annual agriculture","Scrub","17","2","2 - minor damage","Agriculture",181.787628173828,3.31897399178213,151.33544422766,62.23,0.868158340454102,1.41623497009277,4.64083862304688
"131",8764,"Razdel",3655.71210364283,186.226991796941,471737.07415702,4662192.61848139,"Legacy verification","Burial Mound?","Annual agriculture","Pasture","20","0.3","5 - extinct or near extinct","Agriculture",179.82682800293,4.68130435342401,194.524348580806,66.06,0.238313674926758,1.8849048614502,5.71351623535156
"132",8631,"Lalkovo",2537.54287366159,354.254657041783,476960.84369634,4655719.00247742,"Survey","Other","Scrub","Scrub","40","2","4 - seriously damaged","Construction",278.321441650391,1.78790176970227,234.754465525825,29.39,-0.106803894042969,0.625205993652344,2.24978637695312
"133",8765,"Razdel",3708.91681478803,186.673759050531,471771.582495431,4662242.26028676,"Legacy verification","Burial Mound","Annual agriculture","Pasture","25","3.5","2 - minor damage","Looting",184.307769775391,4.08974669146841,201.703854868479,62.59,0.272163391113281,1.68611526489258,5.2208251953125
"134",8766,"Malomirovo",2301.19838539481,359.73804577217,470414.437748765,4663381.64920091,"Legacy verification","Burial Mound?","Annual agriculture","Pasture","40","2.7","3 - damaged","Agriculture",144.927139282227,2.24806550886972,134.638195662074,61.87,-0.44549560546875,1.05940628051758,3.50410461425781
"135",8632,"Lalkovo",2202.60764227408,337.206317741332,477560.138303793,4656213.20147928,"Legacy verification","Burial Mound","Scrub","Scrub","20","1.2","3 - damaged","Erosion",246.732894897461,4.90770054943571,6.65769242530363,75.45,0.238016128540039,2.02460289001465,5.79649353027344
"136",8633,"Lalkovo",1909.93403682508,338.750441672477,477399.036434536,4656463.71951795,"Legacy verification","Burial Mound","Pasture","Pasture","20","1.5","3 - damaged","Agriculture",227.529983520508,6.68346316152531,283.455846032927,7.3,0.450933456420898,2.17629432678223,6.92135620117188
"137",9863,"Chernozem",3656.94516270812,20.1654082555502,466278.464382837,4658930.53038136,"Legacy verification","Burial Mound","Forest","Forest","8","1.5","3 - damaged","Looting",219.610275268555,3.94524461025529,267.877463052706,6.81,0.477411270141602,1.17427253723145,3.40669250488281
"138",8767,"Chernozem",1719.50596680404,260.703155580617,469236.048280067,4662641.09491677,"Legacy verification","Burial Mound","Annual agriculture","Annual agriculture","25","1.7","3 - damaged","Agriculture",141.626068115234,4.46442652305489,9.99604508269232,64.49,0.174177169799805,1.82192802429199,5.98191833496094
"139",9864,"Chernozem",3691.22324912928,19.9548186619809,466279.391595207,4658893.69993028,"Survey","Burial Mound","Forest","Forest","20","1","2 - minor damage","Looting",220.080871582031,1.13636186550889,278.06058006099,10.79,-0.255071640014648,0.577627182006836,1.48432922363281
"140",8634,"Lalkovo",953.62071003346,236.744978226199,477504.271378437,4658766.73208109,"Legacy verification","Burial Mound","Perennial agriculture","Pasture","15","1.5","3 - damaged","Agriculture",232.573272705078,2.12177291811698,200.175017742964,79.29,0.384374618530273,0.896169662475586,2.5169677734375
"141",9865,"Lesovo",5659.36786937554,272.003048605872,470307.789693238,4649178.49248287,"Survey","Burial Mound","Scrub","Scrub","20","1.2","3 - damaged","Looting",365.064147949219,1.51710252259013,334.658018923551,46.59,0.292869567871094,0.666778564453125,2.0736083984375
"142",9866,"Valcha polyana",3447.15640194667,41.072098853322,471017.533319516,4648245.85951268,"Legacy verification","Burial Mound","Pasture","Scrub","25","2.5","4 - seriously damaged","Looting",391.792633056641,3.69984161593257,289.637054834246,1.8,0.834491729736328,1.3897819519043,4.14114379882812
"143",9867,"Valcha polyana",3172.15666674552,28.4217662622454,471772.528924364,4648054.803862,"Legacy verification","Extinct Burial Mound","Forest","Other","0","0","0 - No observation","No observation",431.158050537109,3.08512099630764,204.268472476002,55.07,0.292865753173828,1.29939651489258,4.369873046875
"144",9868,"Lesovo",4610.84166327757,271.623312417461,469260.87107647,4649245.68494924,"Survey","Burial Mound?","Scrub","Scrub","8","0.5","3 - damaged","Looting",405.054138183594,3.71203265980047,340.740221048555,90.91,0.797702789306641,1.55264663696289,4.75439453125
"145",9869,"Lesovo",3752.67421025187,270.704951516272,468404.270045798,4649330.13180761,"Survey","Burial Mound","Scrub","Scrub","18","2.3","1 - pristine","Animal activity",370.477264404297,4.50141542830345,327.514225367127,90.55,0.0901222229003906,1.8036003112793,5.99258422851562
"146",9870,"Lesovo",3515.71370186563,263.64855608752,468146.014225109,4649765.23435492,"Survey","Burial Mound","Pasture","Scrub","20","3","2 - minor damage","Looting",356.695465087891,2.69724643488716,341.104058578474,60.29,0.662799835205078,1.13530349731445,3.5001220703125
"147",8635,"Kamenets",1440.35733250637,353.619584791287,478501.728455113,4685961.57989914,"Legacy verification","Burial Mound","Annual agriculture","Forest","46","3.5","2 - minor damage","Agriculture",224.234481811523,1.70969809415718,117.935270764572,57.91,-0.0657005310058594,0.570541381835938,2.00828552246094
"148",8768,"Polyana",1593.8282751738,292.151537170495,486632.472443537,4682961.72878976,"Legacy verification","Extinct Burial Mound","Scrub","Scrub","20","1.7","5 - extinct or near extinct","Looting (maybe excavated )??",223.248352050781,2.79883705237807,92.3570350820156,4.32,0.317193984985352,0.812284469604492,2.51741027832031
"149",8636,"Kamenets",1613.60127698066,357.870892611242,478401.610162259,4685780.5282796,"Survey","Surface Scatter","Annual agriculture","Annual agriculture","100","0","3 - damaged","Agriculture",215.313369750977,5.75078001555718,150.79796846259,64.13,-0.2459716796875,2.33833694458008,6.61256408691406
"150",8637,"Robovo",3534.47793831432,277.583760871238,477966.874542656,4684964.83893893,"Survey","Burial Mound","Forest","Pasture","35","3.5","4 - seriously damaged","Looting",225.787704467773,1.96249193058599,260.613895816651,94.27,0.147689819335938,0.651973724365234,1.84016418457031
"151",8769,"Polyana",1944.04473685446,295.227037560646,486914.918350768,4682734.1297495,"Survey","Other","Scrub","Scrub","10","2.2","0 - No observation","Other (military)",199.039245605469,0.264985945495868,337.690328213456,67.99,-0.663911819458008,0.663911819458008,1.2489013671875
"152",8638,"Leyarovo",2366.33854756913,136.65542673224,478859.3350036,4684918.04758557,"Legacy verification","Burial Mound","Annual agriculture","Pasture","48","6","3 - damaged","Looting",229.309265136719,2.14197187411884,209.332202857267,54.51,-0.19732666015625,0.882423400878906,2.6998291015625
"153",8770,"Aleksandrovo",3595.74901527804,48.6464510953459,487893.606732332,4683180.21450599,"Legacy verification","Burial Mound?","Annual agriculture","Forest","8","0.8","5 - extinct or near extinct","Post-depositional",246.046722412109,4.83648583062423,262.052751455771,90.61,-0.17988395690918,1.53437614440918,5.02005004882812
"154",8639,"Borisovo",2073.0546762381,215.756881513973,478921.744168685,4683930.56447925,"Legacy verification","Uncertain Feature","Urban","Scrub","35","6","3 - damaged","Urban development",209.639038085938,1.68936952349709,341.073942208093,38.49,0.130840301513672,0.680477142333984,2.07955932617188
"155",8771,"Polyana",2190.88026877083,276.272422948542,487334.049787672,4683323.32713797,"Legacy verification","Extinct Burial Mound","Forest","Scrub","0","0","0 - No observation","No observation",209.084106445312,2.59212164934002,49.736537853913,7.27,-0.156133651733398,1.07229423522949,3.91889953613281
"156",8640,"Leyarovo",2555.40194901772,181.330553730444,480542.890269034,4685751.86682804,"Legacy verification","Burial Mound","Annual agriculture","Annual agriculture","19","1.1","3 - damaged","Agriculture",245.77067565918,1.44599203669803,107.25979464879,45.68,0.360881805419922,0.501312255859375,1.56547546386719
"157",8641,"Leyarovo",2487.51723295657,180.878498379338,480521.691504053,4685684.37873675,"Legacy verification","Burial Mound","Annual agriculture","Annual agriculture","19","1.1","3 - damaged","Agriculture",245.19987487793,2.02569562319782,126.735544804367,83.45,0.116535186767578,0.651885986328125,2.13583374023438
"158",8642,"Kamenets",3415.84983881872,300.0440125486,481298.562540987,4685682.81879801,"Legacy verification","Burial Mound","Annual agriculture","Annual agriculture","22","0.5","3 - damaged","Agriculture",252.500793457031,2.27775596377159,183.329705809447,62.37,-0.0865898132324219,0.911434173583984,2.8001708984375
"159",8643,"Kamenets",3397.18370334896,298.629247475528,481323.501591427,4685765.28909109,"Legacy verification","Extinct Burial Mound","Annual agriculture","Annual agriculture","0","0","4 - seriously damaged","Agriculture",255.803451538086,0.966279451702476,147.012911570887,68.71,0.265996932983398,0.413408279418945,1.498046875
"160",8772,"Aleksandrovo",2599.4895509286,45.8669872026993,488727.025643101,4683745.84518066,"Legacy verification","Extinct Burial Mound?","Forest","Scrub","5","0.3","5 - extinct or near extinct","Other (specify in Annotation)",221.888458251953,1.3215810765491,71.6886041662276,24.64,0.0572376251220703,0.392736434936523,1.810791015625
"161",8773,"Polyana",3451.23565300631,256.37999341041,488510.467763573,4684375.39583218,"Legacy verification","Extinct Burial Mound","Forest","Forest","0","0","0 - No observation","No observation",227.041381835938,4.62008676520873,292.699639371605,0,-0.83331298828125,1.58360290527344,5.86846923828125
"162",8644,"Leyarovo",1647.14914725023,72.5724325054122,478912.013702755,4682703.83291611,"Legacy verification","Other","Forest","Scrub","20","1","0 - No observation","Other (military activity and geodetic marker )",303.982391357422,5.47146889995502,256.825323144103,34.42,0.894565582275391,1.78410720825195,5.90679931640625
"163",8774,"Polyana",3075.21092313498,249.40676778607,488034.993174005,4684644.34097641,"Legacy verification","Burial Mound","Annual agriculture","Annual agriculture","20","0.5","4 - seriously damaged","Agriculture",189.877700805664,8.78969074759782,214.366029347297,35.61,0.756311416625977,3.45151710510254,11.8643798828125
"164",8645,"Borisovo",784.345012734197,265.784210819554,478492.583383335,4682305.93229847,"Survey","Surface Scatter","Annual agriculture","Annual agriculture","100","0","3 - damaged","Agriculture",254.567962646484,4.62548706633326,304.716738297836,7.55,-0.229290008544922,1.56257629394531,5.61994934082031
"165",8775,"Polyana",2016.649641383,256.073700305553,487113.657345728,4684048.04803454,"Legacy verification","Extinct Burial Mound?","Pasture","Pasture","0","0","0 - No observation","No observation",181.003540039062,3.65988156213794,3.68474606609761,40.43,-0.0612545013427734,1.49795341491699,3.99813842773438
"166",8646,"Borisovo",1104.08006031403,278.506547951541,478802.294643384,4682084.95450754,"Legacy verification","Burial Mound","Forest","Scrub","24","1.7","3 - damaged","Looting",286.341644287109,2.26047772337636,278.149862997352,84.95,0.622356414794922,0.897991180419922,2.72238159179688
"167",8776,"Polyana",1101.34738481763,270.168646630616,486257.627494454,4683559.4519778,"Legacy verification","Burial Mound","Pasture","Pasture","16","1.7","4 - seriously damaged","Looting",213.772537231445,4.83521918288823,76.9603680834743,47.12,-0.146326065063477,1.56712913513184,5.26698303222656
"168",8647,"Lyulin",652.669593528857,54.2256723275258,482979.386026812,4698111.8988931,"Legacy verification","Burial Mound","Pasture","Pasture","28","2.5","3 - damaged","Looting",165.495544433594,3.29571557087244,54.0429407894298,96.04,0.0500831604003906,1.06483459472656,4.41487121582031
"169",9871,"Lyulin",1319.86443741173,82.8297197879224,482199.371189318,4698328.70212606,"Legacy verification","Burial Mound","Annual agriculture","Annual agriculture","20","2","2 - minor damage","Agriculture",197.826095581055,6.38033024281665,15.3975849196015,11.87,0.329429626464844,2.62148284912109,8.00868225097656
"170",9872,"Lyulin",1404.70004323318,78.2995351691849,482133.40171806,4698208.57927382,"Legacy verification","Burial Mound","Annual agriculture","Scrub","14","1.8","4 - seriously damaged","Looting",208.830551147461,4.84777008434404,80.7450017630232,19.06,-0.579935073852539,1.7150707244873,7.32861328125
"171",8777,"Lyulin",1344.25519075125,4.61717990076318,483400.704144996,4697153.55296024,"Legacy verification","Tell?","Annual agriculture","Pasture","100","5","2 - minor damage","Animal activity",169.657104492188,3.33164820651211,352.758805934827,37.59,0.624702453613281,1.37907409667969,4.28131103515625
"172",8778,"Lyulin",1393.81789356277,4.20887928775825,483406.617599239,4697103.38682823,"Survey","Surface Scatter","Annual agriculture","Annual agriculture","100","0","1 - pristine","Agriculture",170.852416992188,1.33385376182401,21.3165030016559,47.84,0.559408187866211,0.706995010375977,2.02999877929688
"173",9873,"Lyulin",2348.74376793739,97.6441384768724,481181.042401772,4698805.87552361,"Legacy verification","Burial Mound","Forest","Scrub","17","1.8","2 - minor damage","Excavation (Trench may be of military origin. Angel considers it very unlikely to be a robbers trench due to location and depth in mound.)",199.632080078125,8.02913083510959,18.5483709973349,55.76,0.474973678588867,3.3159351348877,9.93421936035156
"174",8648,"Irechekovo",5808.46849608646,326.915774633977,480327.592921248,4699085.26867288,"Legacy verification","Uncertain Feature?","Forest","Forest","40","5","4 - seriously damaged (We do not know if this is looting due to the uncertainty of the type of feature)?","Other",240.404190063477,5.2716937305391,105.885578592691,90.65,1.28841018676758,1.80318832397461,6.177734375
"175",8779,"Lyulin",1372.57610453601,1.54432461051153,483471.922413294,4697121.36820498,"Survey","Other","Annual agriculture","Annual agriculture","0","0","0 - No observation","Post-depositional",169.896530151367,1.04961138584289,75.8908325142967,70.07,0.469707489013672,0.521442413330078,1.15322875976562
"176",8780,"Lyulin",1414.54803089661,351.681082729486,483713.574647736,4697093.78149555,"Legacy verification","Burial Mound","Annual agriculture","Pasture","25","5","1 - pristine","Looting",165.248352050781,1.68497972047917,84.2826078273293,96.79,-0.108484268188477,0.548768997192383,2.08660888671875
"177",9874,"Lyulin",2370.25248874404,87.4618390444348,481140.986583684,4698388.4796503,"Legacy verification","Burial Mound","Pasture","Forest","25","3.5","2 - minor damage","Looting",228.227493286133,3.12053396533452,73.2408460247829,71.33,-0.0496692657470703,1.06394004821777,3.66021728515625
"178",8781,"Lyulin",2431.64080583127,16.7588974495492,482807.762346663,4696165.08501382,"Legacy verification","Burial Mound","Annual agriculture","Annual agriculture","20","2","2 - minor damage","Agriculture",216.120162963867,4.19932410798455,43.7189532763916,70.65,0.238862991333008,1.53654289245605,5.36433410644531
"179",8782,"Lyulin",2529.09422500102,16.8845685527818,482774.35226207,4696073.37611894,"Legacy verification","Burial Mound","Annual agriculture","Pasture","13","1.6","1 - pristine","Agriculture",220.346313476562,1.36938426076746,39.7724522294525,59.78,0.279943466186523,0.521284103393555,2.2528076171875
"180",9875,"Lyulin",2652.14895860692,83.3955473431983,480874.364883056,4698188.4105707,"Legacy verification","Burial Mound","Forest","Forest","15","1.8","2 - minor damage","Other",251.413543701172,5.2178559051329,24.0788223193997,70.76,0.547128677368164,2.17955207824707,6.89707946777344
"181",9876,"Lyulin",2675.582009146,82.8041757404141,480854.40505298,4698158.29987161,"Legacy verification","Burial Mound","Forest","Forest","20","1.8","1 - pristine","No observation",254.417770385742,4.45326337562796,34.5436557007149,73.48,0.334737777709961,1.75818824768066,5.89520263671875
"182",8783,"Lyulin",3546.83431081626,41.2216929065271,481171.64112144,4695825.63947056,"Legacy verification","Burial Mound","Annual agriculture","Scrub","20","0.5","4 - seriously damaged","Agriculture",252.87092590332,3.41347928585372,137.984743772335,62.77,-0.21971321105957,1.24108695983887,4.15953063964844
"183",9877,"Lyulin",3159.3536358856,76.6194314113273,480435.322589584,4697762.31451626,"Legacy verification","Burial Mound","Forest","Forest","35","4.5","3 - damaged","Looting",277.605163574219,1.98414032515688,236.237118279809,76.9,0.677822113037109,0.874820709228516,2.49514770507812
"184",8784,"Lyulin",2126.32161549212,334.275883215575,484431.818803978,4696577.85450501,"Legacy verification","Burial Mound","Annual agriculture","Annual agriculture","25","1","5 - extinct or near extinct","Agriculture",178.001373291016,2.96702575079863,272.328368116277,37.91,0.87891960144043,1.1280689239502,3.01031494140625
"185",9878,"Lyulin",1966.75197959638,63.3552908560018,481751.021827007,4697611.44269358,"Legacy verification","Burial Mound","Annual agriculture","Forest","16","0.4","4 - seriously damaged","Agriculture",229.010299682617,2.67446802682867,323.989508567533,15.94,0.131418228149414,1.02330207824707,4.02494812011719
"186",8785,"Nedyalsko",3331.72359103514,173.186940579056,485180.004264029,4704424.96823166,"Legacy verification","Burial Mound","Annual agriculture","Annual agriculture","40","1.4","3 - damaged","Agriculture",265.938781738281,1.15760201375997,148.491922865423,24.73,0.534564971923828,0.565174102783203,1.54922485351562
"187",8786,"Nedyalsko",2701.25136475445,161.589980367812,484722.151994093,4703679.7751001,"Legacy verification","Burial Mound","Perennial agriculture","Pasture","32","3","2 - minor damage","Animal activity",243.399978637695,2.58045788131886,265.191660025802,1.45,-0.256162643432617,0.836587905883789,2.95606994628906
"188",9879,"Nedyalsko",4584.25523674443,66.2237649211406,481380.072000735,4699268.55688661,"Legacy verification","Burial Mound","Annual agriculture","Scrub","16","0.4","4 - seriously damaged","Agriculture",202.266250610352,1.42954670673816,34.9566377973608,70.76,-0.217281341552734,0.603557586669922,1.85519409179688
"189",8787,"Nedyalsko",2261.11868521134,182.139931101436,485659.678141151,4703376.31343553,"Legacy verification","Burial Mound","Annual agriculture","Annual agriculture","28","0.5","5 - extinct or near extinct","Anthropogenic",261.493835449219,3.84174674726574,223.943827409327,5.43,0.327007293701172,1.40147018432617,4.9945068359375
"190",9880,"Nedyalsko",4789.00196048186,69.6249604633757,481085.875523467,4699449.41500902,"Legacy verification","Burial Mound","Annual agriculture","Pasture","16","0.5","4 - seriously damaged","Agriculture",195.872909545898,4.28579707675429,315.53520969057,68.48,0.291362762451172,1.57881546020508,5.70289611816406
"191",8788,"Nedyalsko",2098.1439928773,183.84410947966,485715.911467105,4703210.19511134,"Legacy verification","Burial Mound","Annual agriculture","Annual agriculture","28","0.4","5 - extinct or near extinct","Agriculture",257,1.26336250014492,157.03618122126,72.66,0.600608825683594,0.62347412109375,1.77752685546875
"192",8789,"Nedyalsko",2075.64229548387,199.905173637933,486281.930026579,4703068.40962806,"Legacy verification","Burial Mound","Annual agriculture","Annual agriculture","30","1.1","4 - seriously damaged","Agriculture",254,0.0574486094233498,271.231565889072,10.83,0.0172920227050781,0.0172920227050781,0.04876708984375
"193",9881,"Lyulin",1603.47575609783,104.915134460073,481959.46208014,4698906.16125169,"Survey","Surface Scatter","Annual agriculture","Annual agriculture","300 (Surface scatter extends along the bank of Kavak Dere River for an uncertain length and extends approx 100m uphill from the bank at minimum. The scatter is on both sides of the bank.)??","0","3 - damaged","Agriculture",171.049209594727,2.51207083682072,30.5778138207248,45.68,0.186399459838867,0.877473831176758,3.80520629882812
"194",8790,"Nedyalsko",2090.50184793005,201.430022371795,486339.042971809,4703062.74557525,"Survey","Uncertain Feature","Annual agriculture","Annual agriculture","12","0.2","5 - extinct or near extinct","Agriculture",253.921920776367,1.76818977581546,64.5716199539506,74.73,0.580160140991211,0.639623641967773,2.06759643554688
"195",8791,"Nedyalsko",2261.98605487139,223.439004060557,487130.548426026,4702759.21500935,"Legacy verification","Burial Mound","Annual agriculture","Annual agriculture","24","0.7","4 - seriously damaged","Agriculture",223.160537719727,4.67290891751323,51.7504695088524,88.73,0.883388519287109,1.63739013671875,5.83552551269531
"196",8792,"Bogorovo",1428.57622520164,166.960538849425,487743.314524874,4701272.97296584,"Legacy verification","Burial Mound","Annual agriculture","Annual agriculture","25","0.8","4 - seriously damaged","Agriculture",204.892471313477,2.41739327486275,83.3868372939946,83.09,-0.474380493164062,0.888980865478516,3.08851623535156
"197",8793,"Nedyalsko",1318.33333154616,249.719174796844,486811.850847471,4701573.73463825,"Legacy verification","Burial Mound","Annual agriculture","Annual agriculture","35","1.4","3 - damaged","Agriculture",202.79118347168,1.69009454544122,153.396748378787,72.1,0.582067489624023,0.760534286499023,1.95195007324219
"198",9882,"Parvenets",3060.68178815698,284.484169140523,490394.254410843,4697155.42689415,"Legacy verification","Burial Mound","Annual agriculture","Annual agriculture","35","2","4 - seriously damaged","Agriculture",151.211074829102,2.31837534495139,225.05112557449,24.82,0.313188552856445,0.851003646850586,3.1611328125
"199",8794,"Nedyalsko",1284.66161584281,245.996282434289,486748.810483965,4701639.36672444,"Legacy verification","Burial Mound","Annual agriculture","Annual agriculture","25","1.1","3 - damaged","Agriculture",203.188491821289,1.88101430207683,259.860077880619,99.64,0.571775436401367,0.73192024230957,2.43719482421875
"200",9883,"Parvenets",3074.09927793594,286.20026730333,490382.88505889,4697063.28152186,"Legacy verification","Extinct Burial Mound?","Annual agriculture","Annual agriculture","20","0.15","5 - extinct or near extinct","Agriculture",148,0.922046400495259,237.031227740313,15.05,-0.198368072509766,0.290153503417969,1.42793273925781
"201",8795,"Nedyalsko",671.129773543762,219.612795679308,486003.157298357,4701633.79045241,"Legacy verification","Burial Mound","Pasture","Pasture","20","2.2","4 - seriously damaged","Excavation",196.002807617188,1.53256707552126,58.1573093786013,86.23,-0.722152709960938,0.722854614257812,1.91360473632812
"202",9884,"Parvenets",3077.45311124581,287.264677049719,490369.646164956,4697007.59601907,"Legacy verification","Burial Mound","Annual agriculture","Annual agriculture","22","0.5","3 - damaged","Agriculture",148,0.452470217729483,319.337592604736,24,-0.159036636352539,0.250822067260742,0.634002685546875
"203",9885,"Parvenets",3062.48617884629,287.885075167503,490345.340735692,4696980.42541385,"Survey","Extinct Burial Mound","Annual agriculture","Annual agriculture","20","0.2","5 - extinct or near extinct","Agriculture",148.423690795898,0.815177452008931,350.862502861369,42.18,0.179636001586914,0.334428787231445,1.30657958984375
"204",9886,"Parvenets",3518.07949572114,294.277912084779,490637.797989733,4696474.43761701,"Legacy verification","Burial Mound","Annual agriculture","Annual agriculture","40","2","3 - damaged","Agriculture",122.475761413574,4.87286145899837,135.452550145831,56.99,0.207213401794434,1.72929859161377,6.3177490234375
"205",9887,"Parvenets",3044.49371535757,286.968248587289,490342.807583762,4697032.43140699,"Survey","Extinct Burial Mound","Annual agriculture","Annual agriculture","15","0.1","5 - extinct or near extinct","Agriculture",147.789688110352,0.748855370928949,319.145689381071,4.68,-0.224416732788086,0.36961555480957,0.998580932617188
"206",8796,"Izgrev",641.735240098233,30.276810590551,460363.884970911,4668214.32440955,"Legacy verification","Burial Mound","Pasture","Pasture","15","3.5","3 - damaged","Other (military trenches)",148.693878173828,3.35973848087413,146.972883177061,22.02,0.265501022338867,1.31181526184082,4.6162109375
"207",8649,"Pchela",2176.14679070021,164.849608680961,455889.429950416,4672446.80535421,"Survey","Burial Mound","Pasture","Pasture","40","2.5","3 - damaged","Looting",194.954940795898,6.01546276819168,353.007437485463,61.59,0.493030548095703,2.54154205322266,7.19535827636719
"208",8650,"Pchela",2226.62112341882,165.41502744545,455897.475806741,4672501.1633948,"Legacy verification","Burial Mound","Pasture","Pasture","35","4.5","3 - damaged","Looting",189.305313110352,3.80949848180762,11.9099353049932,67.87,0.155527114868164,1.61776924133301,5.28567504882812
"209",8651,"Pchela",1526.16855096032,167.942593658925,456139.369784988,4671838.79401806,"Legacy verification","Burial Mound","Pasture","Pasture","20","2.5","2 - minor damage","Road cut",163.093841552734,8.11635827745312,165.656895092841,86.43,0.330850601196289,3.35942649841309,10.3094024658203
"210",8797,"Izgrev",1318.21395132113,223.787253957508,461599.614959097,4669720.16410626,"Legacy verification","Burial Mound","Annual agriculture","Pasture","18","1.7","1 - pristine","Agriculture (ploughing on the east side)",102.378814697266,3.10395721772547,302.206026670406,13.87,0.802531242370605,1.26424312591553,3.57865905761719
"211",8652,"Pchela",1562.9153379233,200.706451909852,457010.789493295,4671808.25218581,"Legacy verification","Uncertain Feature","Annual agriculture","Scrub","95","3.5","0 - No observation","Erosion (could be military activity )",105.70686340332,3.48234749292335,134.763886318676,99.28,0.239962577819824,1.23849391937256,4.61041259765625
"212",8798,"Elhovo",1442.49874786129,346.259471000605,464777.701596932,4667564.09930692,"Legacy verification","Extinct Burial Mound","Annual agriculture","Scrub","40","1.5","5 - extinct or near extinct","Other (bunker and trenches)",124.038391113281,1.92995547683714,119.000763246848,58.84,0.291126251220703,0.672817230224609,2.59225463867188
"213",8799,"Elhovo",3914.5616933155,32.2443351255623,462346.53200535,4665654.45543691,"Legacy verification","Burial Mound","Annual agriculture","Scrub","45","1.5","0 - No observation (indeterminable due to scrub. possibly prestine)??","Post-depositional (vegetation )",91.9968872070312,1.6340107694483,127.923928494165,82.5,-0.424405097961426,0.75837230682373,2.11336517333984
"214",8653,"Pchela",2721.06185934794,0.379497739342724,456440.150827335,4667625.29240912,"Legacy verification","Burial Mound","Forest","Forest","25","1","1 - pristine","Erosion",160.920227050781,8.50233777620704,40.4173864147263,24.37,-0.350994110107422,3.20200347900391,10.9845733642578
"215",9950,"Zhitosvyat",1946.78318658247,101.675330761231,495994.0463887,4701577.40977927,"Survey","Extinct Burial Mound?","Annual agriculture","Annual agriculture","24","0.3","5 - extinct or near extinct","Agriculture",191,0.647209915662161,224.788262214141,48.38,0.110357284545898,0.244913101196289,1.36935424804688
"216",9888,"Dobrinovo",2168.57858681071,282.254934096165,495104.843486112,4701432.14716855,"Survey","Burial Mound","Annual agriculture","Annual agriculture","24","1","3 - damaged","Agriculture",191,0.248617735536773,35.7501157823017,48.56,0.306850433349609,0.306850433349609,0.531707763671875
"217",9951,"Zhitosvyat",2060.74276356768,107.174048504513,495931.69191195,4701791.93422279,"Legacy verification","Burial Mound","Annual agriculture","Annual agriculture","24","0.8","4 - seriously damaged","Agriculture",196,0.493856820982804,120.222562403645,65.11,-0.140499114990234,0.218376159667969,0.635513305664062
"218",9889,"Dobrinovo",2516.21926944911,300.308111650869,495157.993436305,4700622.64393404,"Legacy verification","Burial Mound","Annual agriculture","Pasture","40","4","2 - minor damage","Looting",170.522155761719,2.26985283249939,198.174570509869,89.57,0.180641174316406,0.965137481689453,3.11717224121094
"219",9952,"Zhitosvyat",1772.34310284626,87.9857292422512,496129.302714814,4701121.15265713,"Legacy verification","Burial Mound","Annual agriculture","Pasture","36","2.2","2 - minor damage","Animal activity",177.39665222168,1.63525387700685,139.706674665281,84.53,0.63060188293457,0.798860549926758,2.43931579589844
"220",9953,"Zhitosvyat",1759.2682582979,82.8107221376497,496155.11355844,4700963.2795609,"Legacy verification","Burial Mound","Annual agriculture","Annual agriculture","25","2","3 - damaged","Agriculture",171.393341064453,2.93337027477577,125.9750074262,64.87,-0.06256103515625,0.942283630371094,3.58880615234375
"221",8654,"Parvenets",1741.15389824935,359.591689837399,487443.25891311,4696179.83196547,"Legacy verification","Extinct Burial Mound","Annual agriculture","Pasture","10","0","5 - extinct or near extinct","Agriculture",127.265968322754,7.17414586511009,23.0528222008822,10.07,-0.0874423980712891,2.95487403869629,9.60173797607422
"222",9890,"Dobrinovo",2582.54092055518,301.973778124979,495176.425670331,4700524.91790537,"Survey","Extinct Burial Mound","Annual agriculture","Annual agriculture","16","1","4 - seriously damaged","Agriculture",166.575393676758,2.47638724038041,196.102870985198,28.99,-0.340667724609375,1.03734970092773,3.01983642578125
"223",9891,"Dobrinovo",2576.60803222325,302.958410957429,495147.624041502,4700490.70121989,"Survey","Burial Mound","Annual agriculture","Scrub","34","3","3 - damaged","Looting",165.513412475586,1.39071421869494,217.168318249856,21.51,-0.0434246063232422,0.491006851196289,1.64189147949219
"224",9954,"Zhitosvyat",1789.75931416203,83.7933185395704,496121.282298333,4700989.9473683,"Survey","Burial Mound?","Annual agriculture","Annual agriculture","18","0.9","4 - seriously damaged","Agriculture",173.399353027344,2.41117527771156,147.62987836362,53.26,0.228610992431641,0.980697631835938,3.17796325683594
"225",9892,"Dobrinovo",2543.54964596324,303.686851698889,495102.121084201,4700481.66492001,"Survey","Extinct Burial Mound","Annual agriculture","Annual agriculture","46","0.5","5 - extinct or near extinct","Agriculture",164.423309326172,0.94955216409164,307.542106467279,17.56,-0.340551376342773,0.465085983276367,1.44805908203125
"226",9955,"Zhitosvyat",1877.29006077845,66.4702442972254,496179.351919878,4700433.98606549,"Legacy verification","Burial Mound","Annual agriculture","Pasture","60","1.5","4 - seriously damaged","Excavation?",166,0.618116859990637,154.311305765837,6.12,-0.143697738647461,0.251546859741211,0.814590454101562
"227",9893,"Dobrinovo",2610.79756116178,303.646181881606,495159.104163078,4700445.90800855,"Survey","Burial Mound","Annual agriculture","Scrub","39","2.5","2 - minor damage","Agriculture",165.420852661133,1.92903544995557,326.794305546722,42.03,-0.512651443481445,0.762048721313477,2.42770385742188
"228",8655,"Parvenets",931.058437429725,355.53929302775,487503.264375552,4696992.70347781,"Legacy verification","Burial Mound","Annual agriculture","Pasture","22","2","3 - damaged","Agriculture",134.115432739258,8.67016244972208,97.2325047767272,82.01,-0.688726425170898,2.70774269104004,8.22259521484375
"229",9894,"Zhitosvyat",2833.24042127937,67.5118667380956,495282.753353677,4700099.75569829,"Survey","Burial Mound","Annual agriculture","Annual agriculture","27","1.8","4 - seriously damaged","Agriculture",164.390777587891,1.61366550788028,10.8457461181002,73.93,0.839511871337891,1.35285568237305,5.97825622558594
"230",9895,"Pravdino",3841.51804643534,197.289837124907,495311.760035789,4700029.78239867,"Survey","Other","Annual agriculture","Scrub","0","3","2 - minor damage","Post-depositional",165.302505493164,5.92645349810516,217.464635420787,61.15,1.43267250061035,2.56260108947754,6.76930236816406
"231",8656,"Parvenets",913.007809229082,5.80556474327098,487338.497526117,4697012.61676064,"Legacy verification","Burial Mound","Annual agriculture","Annual agriculture","30","1.5","4 - seriously damaged","Agriculture",152.837753295898,3.6081063696462,165.046730161177,42.75,0.716840744018555,1.49579429626465,4.38900756835938
"232",9956,"Zhitosvyat",2526.78487462618,44.7203776509095,496122.584936161,4699388.04258221,"Legacy verification","Burial Mound","Annual agriculture","Annual agriculture","25","1","4 - seriously damaged","Agriculture",142.924896240234,0.563902924218956,134.638046116219,61.45,0.0243244171142578,0.25920295715332,1.15333557128906
"233",9896,"Pravdino",3501.39003784598,196.684920961326,495175.318275487,4699715.823812,"Survey","Burial Mound","Annual agriculture","Annual agriculture","22","1","3 - damaged","Agriculture",148.581771850586,2.30403318728848,249.475891650453,50.55,-0.38237190246582,1.04252052307129,4.02168273925781
"234",8657,"Nedyalsko",1161.48921684237,332.527965410428,486111.060722088,4700086.25646014,"Legacy verification","Uncertain Feature","Pasture","Pasture","0","0","5 - extinct or near extinct","Construction",199.167892456055,2.0844081061511,126.656140505738,5.02,-0.232826232910156,0.670600891113281,3.01347351074219
"235",9897,"Pravdino",2609.36640204174,203.255224352947,495200.289632332,4698759.21797009,"Legacy verification","Burial Mound","Annual agriculture","Annual agriculture","24","1.8","3 - damaged","Agriculture",123.65461730957,8.48926082437306,281.558935941859,4,-3.07881641387939,3.2179594039917,10.3473587036133
"236",9957,"Zhitosvyat",2759.66000071729,21.1588254568282,496904.439053554,4698609.83450563,"Legacy verification","Burial Mound","Annual agriculture","Pasture","22","2.5","1 - pristine","Animal activity",142.835678100586,0.950238290963184,238.854936707574,29.56,0.237220764160156,0.360462188720703,1
"237",8658,"Nedyalsko",776.851674040399,342.261744229789,485811.930286488,4700376.85282406,"Legacy verification","Burial Mound","Pasture","Forest","31","1.8","4 - seriously damaged","Urban development",224.726440429688,4.06715831302878,74.2571679302319,84.23,0.440078735351562,1.31982040405273,4.23428344726562
"238",8659,"Nedyalsko",801.81230626021,341.693381207202,485827.098559924,4700355.53968188,"Legacy verification","Burial Mound","Forest","Scrub","30","3","4 - seriously damaged","Looting",224.935760498047,2.79819385650232,85.9058388845903,69.89,0.302085876464844,0.867275238037109,3.24118041992188
"239",9898,"Pravdino",2402.58265709103,201.515078585108,495051.177428838,4698597.02228651,"Survey","Burial Mound?","Annual agriculture","Scrub","16","0.5","4 - seriously damaged","Agriculture",123.339569091797,3.07852144571763,273.502857895033,2.87,-1.09136295318604,1.39524555206299,4.90818786621094
"240",9958,"Zhitosvyat",3173.81316236737,27.5266415295482,496433.738003648,4698368.9227894,"Legacy verification","Burial Mound","Scrub","Pasture","22","2.7","3 - damaged","Looting",122.231826782227,1.3275790648348,273.750126774967,81,0.465971946716309,0.659337043762207,2.07321929931641
"241",8660,"Nedyalsko",2605.93186356576,138.860660599727,483860.824605834,4703079.32981659,"Legacy verification","Burial Mound","Annual agriculture","Annual agriculture","30","1.5","4 - seriously damaged","Agriculture",246.740295410156,1.50215020678668,140.886385235872,18.55,0.255033493041992,0.608373641967773,2.03146362304688
"242",9899,"Pravdino",1100.4187290988,179.244917519644,494155.53803304,4697462.17215778,"Legacy verification","Burial Mound","Pasture","Pasture","17","1.8","2 - minor damage","Animal activity",123.776184082031,4.01101897019425,116.194203696466,67.5,1.0141773223877,1.45305442810059,5.11953735351562
"243",8661,"Nedyalsko",2670.88111122486,138.388780381213,483801.588553142,4703113.70414161,"Legacy verification","Burial Mound","Annual agriculture","Annual agriculture","20","0.5","4 - seriously damaged","Agriculture",249.741775512695,1.92533352351139,118.736478218998,54.15,0.543527603149414,0.69474983215332,2.26559448242188
"244",8662,"Nedyalsko",2658.23900137316,140.274970193495,483876.356770648,4703161.27756026,"Legacy verification","Burial Mound","Annual agriculture","Annual agriculture","22","1.6","4 - seriously damaged","Agriculture",246.816009521484,2.3464258136736,117.398655198596,63.44,-0.238492965698242,0.739767074584961,2.92266845703125
"245",9959,"Pravdino",2956.80273511132,231.942691267066,496498.21005976,4698184.56812855,"Legacy verification","Extinct Burial Mound","Annual agriculture","Scrub","100","1.5","5 - extinct or near extinct","Agriculture",113.898315429688,2.06522941077725,133.8627323003,57.97,-0.0840578079223633,0.740853309631348,3.01114654541016
"246",8663,"Nedyalsko",3217.32531683629,142.642990318651,483623.040231835,4703674.12740083,"Legacy verification","Burial Mound","Annual agriculture","Scrub","35","4","2 - minor damage","Looting",256.722717285156,3.3462729660547,186.719822554856,59.14,0.527212142944336,1.38100242614746,4.24024963378906
"247",9960,"Pravdino",2906.25582267486,234.501611302865,496536.115100728,4698049.45379318,"Legacy verification","Burial Mound","Annual agriculture","Annual agriculture","24","1.8","3 - damaged","Agriculture",109.634300231934,1.62036202367134,109.212790259919,17.52,0.123825073242188,0.529014587402344,2.20871734619141
"248",9961,"Pravdino",2622.41010461683,240.748316179062,496458.044361659,4697643.28150825,"Legacy verification","Burial Mound","Annual agriculture","Annual agriculture","24","1.4","3 - damaged","Agriculture",107.473579406738,2.70934341078361,123.01131672953,54.87,-0.305398941040039,0.866683959960938,3.70204925537109
"249",9962,"Pravdino",3093.52528141672,250.689703356194,497089.527986042,4697384.82829475,"Legacy verification","Burial Mound","Annual agriculture","Scrub","24","3.2","3 - damaged","Looting",104.62232208252,2.52768767959025,165.931395163654,55.11,0.0633134841918945,1.03257274627686,3.48285675048828
"250",8664,"Palauzovo",4305.06774203134,324.19509509208,481560.985039653,4705328.02429533,"Legacy verification","Extinct Burial Mound","Annual agriculture","Annual agriculture","0","0","5 - extinct or near extinct","Agriculture",245.383605957031,2.38589922405694,325.412960907282,51.27,0.189977645874023,0.924348831176758,3.32180786132812
"251",9900,"Zornitsa",2070.27896985203,187.824962280873,494201.418687722,4694595.89805128,"Legacy verification","Burial Mound","Perennial agriculture","Pasture","26","1.7","2 - minor damage","Agriculture",186.681945800781,2.43048900130182,144.990036591132,56.12,0.873476028442383,1.02905082702637,3.34361267089844
"252",8665,"Palauzovo",4083.65520363901,330.471146996993,481055.081338561,4705266.27391099,"Legacy verification","Surface Scatter","Annual agriculture","Annual agriculture","200","0","3 - damaged","Agriculture",240.446212768555,2.1046238068241,307.075263628582,63.64,-0.20237922668457,0.681550979614258,2.57984924316406
"253",9963,"Pravdino",3086.64052327898,251.436810253642,497096.091961911,4697344.48204664,"Survey","Burial Mound","Scrub","Pasture","16","2.1","4 - seriously damaged","Looting",103.217712402344,2.65856362915359,150.805443283004,28.06,-0.10302734375,1.08955001831055,3.54173278808594
"254",8666,"Palauzovo",3275.94265180584,328.042231410224,480776.34065224,4706040.05765514,"Legacy verification","Other","Annual agriculture","Scrub","30","3","3 - damaged","Construction",218,0.599883229223159,350.364020920441,48.91,0.13128662109375,0.253761291503906,0.9237060546875
"255",9964,"Pravdino",3065.00457290059,251.971537338385,497084.561379076,4697310.4354428,"Legacy verification","Burial Mound","Pasture","Scrub","20","4","3 - damaged","Looting",101.460815429688,2.81969062590049,110.173876356249,42.34,-0.0649471282958984,0.920013427734375,3.20291900634766
"256",9901,"Zornitsa",934.171242468517,174.370582055959,493827.919518957,4693474.5621278,"Legacy verification","Burial Mound","Perennial agriculture","Annual agriculture","25","1","4 - seriously damaged","Agriculture",165.788436889648,2.43696948337493,299.628778031118,84.06,0.167886734008789,0.767629623413086,2.90885925292969
"257",8667,"Palauzovo",3313.38069242088,327.836108681634,480806.25836124,4706014.62112035,"Legacy verification","Surface Scatter","Annual agriculture","Annual agriculture","150","0","3 - damaged","Agriculture",218.408248901367,1.37987531833328,320.690096497101,28.26,-0.169794082641602,0.475980758666992,1.88897705078125
"258",9902,"Zornitsa",1546.12761502869,143.199426943925,492993.376687239,4693782.91985984,"Legacy verification","Uncertain Feature","Annual agriculture","Scrub","0","0","0 - No observation","No observation",173.391647338867,1.46300193371617,105.206556231312,76.9,0.512340545654297,0.772716522216797,2.26231384277344
"259",9965,"Malina",1798.85662305254,106.705265526606,498265.220849924,4696562.0224714,"Legacy verification","Burial Mound","Annual agriculture","Annual agriculture","24","1","3 - damaged","Agriculture",88.8052215576172,1.14698587171002,158.025405110827,59.06,0.428219795227051,0.524657249450684,1.19355010986328
"260",9966,"Malina",1781.06974290088,104.053945907059,498260.400769847,4696477.45045771,"Legacy verification","Burial Mound","Annual agriculture","Annual agriculture","32","1.4","3 - damaged","Agriculture",85.6189346313477,2.95632676094576,181.365891296934,30.66,0.31850528717041,1.20448017120361,3.18684387207031
"261",8668,"Palauzovo",3800.2590778347,317.024716731048,481632.974965612,4706039.04203972,"Legacy verification","Burial Mound","Annual agriculture","Annual agriculture","40","2","4 - seriously damaged","Agriculture",241.125045776367,2.38206993619091,292.687565783988,76.64,0.800092697143555,1.20305061340332,3.40969848632812
"262",9967,"Malina",440.209671790033,88.8679474294358,499548.034925839,4696036.24663909,"Legacy verification","Burial Mound","Annual agriculture","Annual agriculture","30","1.7","2 - minor damage","Agriculture",85.7956314086914,2.31933379244024,161.7628726299,64.87,0.230095863342285,0.956450462341309,3.248291015625
"263",8669,"Malomirovo",3068.12379098731,312.612929509071,472661.885075569,4663605.57467775,"Legacy verification","Burial Mound","Annual agriculture","Scrub","45","4","2 - minor damage","Animal activity",195.742126464844,5.8017669062818,318.565875574131,53.43,0.270204544067383,2.12781715393066,7.91453552246094
"264",9903,"Aleksandrovo",1733.75652608779,117.54855141655,489055.56292816,4686357.80105771,"Legacy verification","Extinct Burial Mound","Annual agriculture","Pasture","0","0","5 - extinct or near extinct","Agriculture",214.998641967773,2.23783134206019,214.264749544433,58.33,0.375835418701172,0.876541137695312,3.00025939941406
"265",8670,"Mamarchevo",4417.69955832183,96.556285968721,477283.870478936,4663620.46572232,"Legacy verification","Other","Scrub","Pasture","25","2","0 - No observation","Construction",230.888336181641,1.89718204186897,347.208614881014,70.8,0.127103805541992,0.789216995239258,2.31251525878906
"266",9904,"Aleksandrovo",2113.25705604984,105.774051617745,488559.070472156,4686130.41571021,"Legacy verification","Burial Mound","Annual agriculture","Pasture","29","1","5 - extinct or near extinct","Looting (As well as agriculture.)",208.042037963867,8.32620101600766,16.7265615246863,48.92,1.56765174865723,3.56054496765137,11.5732421875
"267",9905,"Polyana",1427.45170330558,200.860142044094,485664.583347406,4684896.5794119,"Survey","Burial Mound?","Pasture","Pasture","12","1.7","2 - minor damage","Post-depositional",243.869232177734,0.937320678273742,132.077642949458,95.34,0.653820037841797,0.686511993408203,1.60635375976562
"268",8671,"Chernozem",2065.41927701055,338.638785988004,468291.450281459,4660439.77929028,"Legacy verification","Other","Forest","Forest","0","0","0 - No observation","No observation",192.259811401367,4.68150678720583,347.934732896016,40.15,0.0508251190185547,1.96516227722168,5.46151733398438
"269",9906,"Polyana",1412.92840811844,198.545354178549,485605.674151402,4684902.25184674,"Survey","Burial Mound?","Pasture","Pasture","10","1","2 - minor damage","Post-depositional",244.536224365234,1.07826778136216,96.3920451414581,32.01,0.346359252929688,0.485187530517578,1.279052734375
"270",9907,"Polyana",1432.94125001773,195.45134599768,485538.049075955,4684943.84422971,"Legacy verification","Burial Mound","Scrub","Pasture","12","1.6","2 - minor damage","Excavation (military trench )",246.637176513672,2.46247654591249,75.8755103576247,87,0.32838249206543,0.832662582397461,2.55233764648438
"271",9908,"Polyana",2067.31313747133,126.111483337324,483486.160936946,4684781.08184617,"Legacy verification","Burial Mound","Annual agriculture","Pasture","22","1","3 - damaged","Agriculture",240.186294555664,8.60874136348137,86.6217984612003,28.21,-0.228288650512695,2.63209342956543,7.706298828125
"272",8672,"Lesovo",3045.63080517022,220.102039671636,466613.72557669,4651705.90085822,"Legacy verification","Burial Mound","Forest","Forest","42","9","4 - seriously damaged","Looting",244.649230957031,8.87334384503449,1.08256459985388,27.74,-0.0965290069580078,3.59731483459473,9.7491455078125
"273",9909,"Polyana",1895.22734148182,140.19913970994,483943.109613937,4685018.74744633,"Legacy verification","Burial Mound","Annual agriculture","Pasture","30","2","4 - seriously damaged","Looting (And agricultural activity)",258.798034667969,5.13692132965648,253.107859741344,1.79,0.208850860595703,1.72943496704102,5.2056884765625
"274",9910,"Polyana",1813.7406168812,140.296214295891,483997.633543429,4684958.10839301,"Legacy verification","Burial Mound?","Annual agriculture","Annual agriculture","6","0.3","5 - extinct or near extinct","Agriculture",260,1.00406353046786,264.946357492955,11.96,0.254131317138672,0.315509796142578,1.19625854492188
"275",9911,"Kamenets",4688.15031401697,281.17551245808,482940.916623168,4686484.3813548,"Legacy verification","Burial Mound?","Forest","Forest","0","0.3","4 - seriously damaged","Looting",266.136535644531,2.15012686250026,30.3435691718675,71.84,0.290637969970703,0.857715606689453,3.00247192382812
"276",9912,"Kamenets",4871.49237384659,276.051546875588,483186.008395358,4686879.4475094,"Legacy verification","Burial Mound","Forest","Annual agriculture","28","1","4 - seriously damaged","Looting",253.726913452148,3.7469772751627,56.2160096741033,9.32,0.517820358276367,1.3195743560791,4.880126953125
"277",9913,"Kamenets",4726.0044638506,276.593149675517,483036.411679498,4686850.38342287,"Legacy verification","Extinct Burial Mound","Forest","Pasture","0","0","5 - extinct or near extinct","Agriculture",256.179260253906,2.70284789575198,176.526939092839,52,-0.150611877441406,1.15526580810547,3.363525390625
"278",9914,"Kirilovo",2903.33773283257,117.799935367651,465676.303822091,4675875.3098161,"Legacy verification","Tell","Perennial agriculture","Forest","100","10","1 - pristine","Looting",102.850616455078,3.68548371558311,139.068007951116,92.81,0.344914436340332,1.37961864471436,4.93952178955078
"279",9968,"Straldzha",4369.51843170792,276.693764976977,479020.711376813,4715645.32700783,"Legacy verification","Extinct Burial Mound","Perennial agriculture","Perennial agriculture","100","0.5","5 - extinct or near extinct","Agriculture",154.036804199219,2.23087841707936,57.2178822967358,57.55,0.372318267822266,0.864517211914062,2.90447998046875
"280",8673,"Malenovo",913.58499817084,225.53189475784,482850.703005895,4712484.9561337,"Legacy verification","Burial Mound","Annual agriculture","Pasture","35","4","4 - seriously damaged","Looting",146.095489501953,0.600753386458587,63.9997457749774,68.23,-0.0165882110595703,0.396066665649414,1.55389404296875
"281",8674,"Malenovo",866.725177222746,224.826127413717,482809.736333416,4712459.70303994,"Legacy verification","Burial Mound","Perennial agriculture","Perennial agriculture","34","1.8","3 - damaged","Agriculture",147,0.648833450774491,351.283590504204,18.28,0.248481750488281,0.248481750488281,0.770339965820312
"282",9969,"Straldzha",4855.63098806881,275.053470283897,479517.735266264,4715726.93956047,"Legacy verification","Burial Mound","Perennial agriculture","Pasture","50","3","4 - seriously damaged","Road cut",155.187271118164,3.91917129769093,328.912371317423,64,1.54764366149902,2.0131778717041,6.45442199707031
"283",9970,"Straldzha",5615.42351094247,272.193231494846,480292.288367183,4715939.74876202,"Legacy verification","Burial Mound","Annual agriculture","Annual agriculture","60","3","3 - damaged","Agriculture",141.982879638672,4.9084717271811,18.7516451056421,55.2,-0.0430469512939453,2.01090049743652,6.55000305175781
"284",8675,"Palauzovo",2194.20466950418,224.604511265267,480583.194235085,4710381.70294773,"Legacy verification","Burial Mound","Annual agriculture","Annual agriculture","20","0.7","4 - seriously damaged","Agriculture",153.872817993164,3.43186503550194,331.171746160738,70.61,-0.526071548461914,1.37636756896973,4.42739868164062
"285",9971,"Straldzha",5964.06669271299,271.878726161607,480641.839220271,4715959.12324017,"Legacy verification","Burial Mound","Annual agriculture","Annual agriculture","40","1.4","3 - damaged","Agriculture",140.074005126953,2.43286737484205,185.889511353692,32.49,-0.660921096801758,1.05376625061035,3.57014465332031
"286",8677,"Palauzovo",3065.04251881116,196.697528000514,479923.049268387,4711755.29805426,"Legacy verification","Burial Mound","Pasture","Pasture","30","2","3 - damaged","Looting",154.343307495117,3.01091584331654,92.7424254768752,6.09,-0.28352165222168,1.07843971252441,3.49861145019531
"287",9972,"Straldzha",6388.81413645712,270.253738494526,481069.729953822,4716126.35645802,"Survey","Surface Scatter","Annual agriculture","Annual agriculture","250","0","0 - No observation","No observation",157.461135864258,7.94974542338719,337.313736560455,47.31,-0.0958366394042969,3.28726577758789,10.5358276367188
"288",8678,"Palauzovo",2880.75776783434,206.428230439996,480324.561175032,4711399.19057143,"Legacy verification","Burial Mound","Pasture","Pasture","40","3","3 - damaged","Looting",164.770782470703,0.462648212675407,190.171214360171,45.82,1.57612228393555,1.57612228393555,3.86502075195312
"289",8679,"Palauzovo",2860.73566554567,208.683866796088,480415.48959424,4711329.16342833,"Legacy verification","Burial Mound","Pasture","Pasture","28","1.5","4 - seriously damaged","Looting",162.752975463867,2.23157358618217,35.0433388666025,16.73,0.0724105834960938,0.986019134521484,3.46766662597656
"290",9973,"Straldzha",6696.41508054864,269.010842838844,481376.395647567,4716270.25118732,"Legacy verification","Burial Mound","Annual agriculture","Annual agriculture","50","5","3 - damaged","Agriculture",141,2.80973879301428,15.918678457345,35.74,-0.786954879760742,1.26766395568848,3.65135192871094
"291",8681,"Palauzovo",2900.58874001521,208.738996919006,480437.065939132,4711362.78501781,"Legacy verification","Burial Mound","Pasture","Pasture","37","2","4 - seriously damaged","Looting",160.297317504883,4.8203348796359,16.0622637978691,18.25,0.201667785644531,1.94643402099609,5.708251953125
"292",9974,"Straldzha",6774.71488676468,269.307388525926,481455.19837105,4716236.54282466,"Legacy verification","Burial Mound","Annual agriculture","Pasture","48","7","3 - damaged","Looting",145.572326660156,5.84026211281943,328.259675637605,54.68,0.21198844909668,2.3752384185791,7.27693176269531
"293",8682,"Palauzovo",2839.07881778332,211.276667075666,480516.371398724,4711245.96980402,"Legacy verification","Burial Mound","Pasture","Pasture","46","5","3 - damaged","Construction",165.639785766602,2.40782182226108,71.1155317570142,42.81,0.8201904296875,1.07285308837891,3.51412963867188
"294",8683,"Palauzovo",2840.70990513168,213.945058287737,480628.649514785,4711176.07078456,"Legacy verification","Burial Mound","Pasture","Pasture","49","4","4 - seriously damaged","Looting",164.74040222168,1.02762576398014,28.7941487823208,12.19,0.319278717041016,0.463153839111328,1.67889404296875
"295",8684,"Palauzovo",2857.0537580174,215.033552296858,480682.512662931,4711158.89476741,"Legacy verification","Burial Mound","Pasture","Pasture","41","3","3 - damaged","Looting",163.366653442383,3.59847644100318,66.3182839685763,95.34,0.75639533996582,1.19904518127441,4.09933471679688
"296",9975,"Straldzha",6817.87655400492,270.244377047397,481498.793006169,4716125.57027955,"Legacy verification","Burial Mound","Annual agriculture","Pasture","27","5","3 - damaged","Looting",150.895050048828,1.82964173504555,335.861183743244,99.64,-0.278470993041992,0.77552604675293,2.10160827636719
"297",9976,"Straldzha",6897.94437575224,268.868930237488,481577.578812079,4716290.81241676,"Legacy verification","Burial Mound","Annual agriculture","Pasture","40","4.5","1 - pristine","Post-depositional",145.791687011719,3.29715374538999,4.57031411512589,64.39,0.278417587280273,1.34789085388184,4.20355224609375
"298",8685,"Malenovo",2209.0410697918,102.829712735334,480044.840856731,4712335.50554921,"Legacy verification","Burial Mound","Annual agriculture","Annual agriculture","27","1","4 - seriously damaged","Agriculture",136.510360717773,4.82086557169091,132.787076513025,56.2,0.0936775207519531,1.63711929321289,6.10539245605469
"299",9977,"Straldzha",7005.2743735009,268.304093007625,481683.184367723,4716361.96965719,"Legacy verification","Burial Mound","Scrub","Pasture","32","3.6","1 - pristine","Post-depositional",141.885269165039,4.0117800527162,338.407982572939,44.09,-0.644618988037109,1.66184234619141,5.61720275878906
"300",9978,"Straldzha",7114.66479507271,268.316091887168,481792.570812722,4716363.71774435,"Legacy verification","Burial Mound","Annual agriculture","Pasture","28","3.7","2 - minor damage","Animal activity",145.881057739258,3.41160809643649,346.417110743162,49.1,-0.670942306518555,1.42719841003418,4.00126647949219
"301",9979,"Straldzha",7272.52317499674,267.978043806627,481948.97362251,4716411.24226026,"Legacy verification","Extinct Burial Mound","Annual agriculture","Annual agriculture","40","0.4","5 - extinct or near extinct","Agriculture",143,1.34274714833719,352.537254566438,61.51,-0.262590408325195,0.614297866821289,2.7857666015625
"302",8686,"Straldzha",5041.55175829746,295.627416532612,479226.570930285,4713974.09166801,"Legacy verification","Extinct Burial Mound","Annual agriculture","Annual agriculture","39","1.5","3 - damaged","Agriculture",138.004898071289,1.7695168129598,3.22472292860874,21.58,-1.69727325439453,1.69727325439453,3.55320739746094
"303",9980,"Straldzha",7344.45668060494,267.259388128361,482017.034811014,4716505.82094092,"Survey","Burial Mound","Annual agriculture","Annual agriculture","30","1.1","5 - extinct or near extinct","Agriculture",141.7470703125,2.60761261731385,353.04054447555,71.48,-0.114871978759766,1.05517196655273,3.8857421875
"304",8687,"Straldzha",4005.68561071331,300.96096647778,478115.925893753,4714093.90871022,"Legacy verification","Extinct Burial Mound","Annual agriculture","Annual agriculture","15","0.3","5 - extinct or near extinct","Agriculture",139,0.791461425559455,224.09582028556,3.61,-0.649822235107422,0.649822235107422,1.07009887695312
"305",9981,"Devetintsi",3096.65135741699,107.911447030803,482843.475528619,4716814.27532069,"Survey","Burial Mound","Annual agriculture","Annual agriculture","20","1.1","4 - seriously damaged","Agriculture",148.188980102539,2.58536763461016,312.792534121848,75.54,0.30409049987793,0.915220260620117,3.31529235839844
"306",9982,"Devetintsi",3060.94040683309,108.37729323461,482885.205815598,4716826.94208267,"Legacy verification","Burial Mound","Annual agriculture","Annual agriculture","28","1.3","4 - seriously damaged","Agriculture",148.885635375977,1.1809504070551,352.338479397547,46.76,0.176813125610352,0.47297477722168,1.7894287109375
"307",9983,"Devetintsi",3114.30856849794,108.835905599831,482842.513043937,4716867.39246802,"Legacy verification","Burial Mound","Annual agriculture","Annual agriculture","38","0.9","4 - seriously damaged","Agriculture",147.00407409668,3.61110037644235,322.632307911821,9.32,0.392349243164062,1.35940551757812,4.81573486328125
"308",8688,"Straldzha",2153.12889213857,300.217057013041,476541.551001049,4715071.02896721,"Legacy verification","Burial Mound","Annual agriculture","Annual agriculture","65","3","4 - seriously damaged","Agriculture",150.185943603516,7.76695159780196,304.40515903679,45.68,-0.460506439208984,2.52860260009766,9.72602844238281
"309",8689,"Straldzha",1414.45601693653,292.452987716226,475988.209128404,4715614.43323233,"Legacy verification","Uncertain Feature","Perennial agriculture","Scrub","57","3","2 - minor damage","Agriculture",144.901016235352,1.64991146773688,228.948370443913,94.98,-0.181484222412109,0.625373840332031,2.00430297851562
"310",9984,"Straldzha",6235.66980473345,281.053385225635,480800.970183118,4714959.12499115,"Legacy verification","Burial Mound","Annual agriculture","Annual agriculture","32","1.5","4 - seriously damaged","Agriculture",150.630752563477,6.24389320631619,166.885359194428,23.91,-0.221664428710938,2.55427932739258,7.94375610351562
