"","TRAP","EKATTE","Name_en","distToTown","azimuth"
"1",9301,"30898","Zimnitsa",3430.78895663533,37.0796499139303
"2",9192,"80220","Charda",3723.80750911229,4.24998709200261
"3",9193,"20804","Dzhinot",657.577464954765,88.7747829062152
"4",9199,"80220","Charda",1897.49531165129,32.4402808485965
"5",9195,"80220","Charda",1433.11279217577,312.425175399072
"6",9196,"80220","Charda",1073.75645436456,286.947801582236
"7",9300,"30898","Zimnitsa",2742.09191745692,339.398580962731
"8",9197,"30898","Zimnitsa",2884.58723528073,350.716323029567
"9",9198,"30898","Zimnitsa",2922.07935925302,352.41390741127
"10",9276,"69660","Straldzha",4363.15032851549,21.6760782197941
"11",9274,"69660","Straldzha",4356.69692510822,19.230194717631
"12",9279,"11661","Vodenichane",1259.68160385737,110.473839147002
"13",9280,"11661","Vodenichane",1598.86173785062,74.3737504089195
"14",9281,"11661","Vodenichane",1599.21646682265,71.8925884899928
"15",9273,"11661","Vodenichane",1229.40184132033,328.691795382204
"16",9261,"11661","Vodenichane",1667.98010197469,0.144623178126665
"17",9264,"11661","Vodenichane",1654.12834644542,351.968206835922
"18",9265,"11661","Vodenichane",1750.04337632768,350.948525449816
"19",9271,"11661","Vodenichane",1709.45545104143,342.998052451423
"20",9272,"11661","Vodenichane",2075.24224500802,343.807390475794
"21",9130,"46904","Malak Manastir",2461.35622225514,41.6301106680891
"22",9128,"46904","Malak Manastir",2409.00809097687,57.4313756351024
"23",9131,"46904","Malak Manastir",3368.11072427066,47.2987043877541
"24",9125,"46904","Malak Manastir",1710.92177330672,105.788451518704
"25",9126,"46904","Malak Manastir",1452.67771936376,121.688263548441
"26",9127,"46904","Malak Manastir",1584.15150485335,123.181954487109
"27",9132,"46904","Malak Manastir",1125.66493138676,165.857056134594
"28",9234,"46904","Malak Manastir",3179.33908315116,138.852555889806
"29",9233,"46904","Malak Manastir",3399.41460382998,160.925082059642
"30",9256,"46904","Malak Manastir",3711.05130059368,239.590535440247
"31",9135,"46904","Malak Manastir",2346.84039200675,244.027500557175
"32",9139,"58801","Pchela",391.606578725359,153.329420803896
"33",9138,"58801","Pchela",920.871618538275,110.895932040066
"34",9137,"58801","Pchela",1515.45020184335,81.6461556505104
"35",9136,"58801","Pchela",1854.64586023152,85.0201152399411
"36",9133,"46904","Malak Manastir",1899.18608807009,352.310234175874
"37",9140,"58801","Pchela",1607.2221488626,53.1474305851391
"38",9155,"73328","Trankovo",1189.44331472989,58.1882047886989
"39",9152,"73328","Trankovo",1184.12391237197,65.074249118099
"40",9446,"32576","Izgrev",4076.87487278615,173.564767411292
"41",9445,"32576","Izgrev",3901.41101239219,171.479870357146
"42",9442,"32576","Izgrev",2109.73205577875,171.21239038542
"43",9141,"73328","Trankovo",1646.35335693519,11.1523597356643
"44",9151,"73328","Trankovo",811.400486657222,8.07421678332622
"45",6010,"06001","Boyanovo",3033.66693200427,118.051710602442
"46",6012,"06001","Boyanovo",2061.2157172571,145.118670336999
"47",9388,"36909","Kirilovo",1091.74870469977,149.540123133628
"48",9385,"36909","Kirilovo",766.372636321187,193.398514835333
"49",9387,"36909","Kirilovo",1715.8132127999,224.048247635262
"50",9452,"36909","Kirilovo",1963.77221816618,234.30036291416
"51",9382,"36909","Kirilovo",1810.92629538926,240.546648729981
"52",9359,"06001","Boyanovo",819.994720013122,29.0877491191348
"53",9360,"06001","Boyanovo",440.815912466646,1.5835430270606
"54",8051,"69883","Stroyno",1257.59467529738,75.2432201438543
"55",8009,"06001","Boyanovo",2777.95717568051,207.940864700395
"56",8007,"06001","Boyanovo",2985.91202055042,176.615675412051
"57",6009,"06001","Boyanovo",2890.33083931453,184.860223084021
"58",7004,"06001","Boyanovo",2878.51133074877,182.921303810823
"59",7005,"06001","Boyanovo",4305.22125121415,197.490001538939
"60",6016,"05520","Borisovo",2330.97023290157,121.791754963415
"61",6015,"05520","Borisovo",2322.73225314354,112.621957886966
"62",6025,"69883","Stroyno",1948.9705497277,211.867667561694
"63",8058,"69883","Stroyno",492.568932227643,50.0479126170238
"64",8059,"69883","Stroyno",586.424784396277,45.5948529773875
"65",8057,"69883","Stroyno",678.731601697563,348.623913997458
"66",8060,"69883","Stroyno",1090.75635591464,30.4247281342977
"67",9378,"29516","Zhrebino",2468.32205778424,101.43423504214
"68",9365,"21542","Dobrich",3675.72093489127,217.641680104338
"69",9371,"29516","Zhrebino",2075.47118303333,354.870281403816
"70",9372,"29516","Zhrebino",1365.21609633294,253.003436723138
"71",9375,"29516","Zhrebino",2662.77518559898,224.729556798086
"72",9374,"29516","Zhrebino",2022.01992317104,206.014379932882
"73",8047,"05520","Borisovo",743.353443128514,331.405113380346
"74",8044,"05520","Borisovo",741.454381840112,321.437451728614
"75",8036,"05520","Borisovo",1172.34333511641,47.6274920344681
"76",8041,"05520","Borisovo",1929.79791713541,66.1675123131135
"77",8039,"05520","Borisovo",1396.66276542734,85.1755173628092
"78",8043,"05520","Borisovo",571.63600132449,68.7694650175784
"79",6017,"05520","Borisovo",2308.89682411302,130.431201367306
"80",8049,"05520","Borisovo",517.024138334577,227.384994066212
"81",9194,"20804","Dzhinot",1202.52461372553,96.286260724486
"82",9358,"06001","Boyanovo",1781.03380146303,106.418946470827
"83",9361,"06001","Boyanovo",2560.96612174879,252.44539523193
"84",9377,"29516","Zhrebino",2719.22700662105,92.067339686142
"85",9142,"73328","Trankovo",1607.50479027051,10.9060471217309
"86",9144,"73328","Trankovo",883.479907452601,15.1476319410377
"87",9143,"73328","Trankovo",1201.01243301285,13.7095099914802
"88",9145,"73328","Trankovo",843.443363224631,15.9425145236381
"89",9146,"73328","Trankovo",691.358800968539,19.8141011500381
"90",9147,"73328","Trankovo",656.951610528637,15.1173511653185
"91",9148,"73328","Trankovo",667.306072380133,11.0597492423534
"92",9149,"73328","Trankovo",624.619201348425,5.44269532281901
"93",9150,"73328","Trankovo",744.07862871284,6.48095347677622
"94",9153,"73328","Trankovo",914.570993106136,8.22232103224271
"95",9154,"73328","Trankovo",1149.21416655792,70.9883934346065
"96",9262,"11661","Vodenichane",1558.86117085256,354.360978047641
"97",9263,"11661","Vodenichane",1575.03307748755,351.991072047963
"98",9266,"11661","Vodenichane",1575.87145490848,344.791992561292
"99",9267,"11661","Vodenichane",1585.10207556244,343.811194489278
"100",9268,"11661","Vodenichane",1633.08936310763,343.578211161211
"101",9269,"11661","Vodenichane",1625.60511894806,342.144863741651
"102",9270,"11661","Vodenichane",1679.01468947678,342.963046273356
"103",9275,"69660","Straldzha",4350.59383913814,20.3644464300657
"104",9277,"69660","Straldzha",4418.92473065941,20.0964163640665
"105",9278,"69660","Straldzha",4341.80017245437,18.3526802272773
"106",9129,"73328","Trankovo",1297.6771051283,13.5680034717238
"107",9357,"06001","Boyanovo",1812.44319728757,121.751211626671
"108",9362,"06001","Boyanovo",2485.7434234213,252.698727707389
"109",9363,"69883","Stroyno",521.115886349578,48.1363569060281
"110",9364,"69883","Stroyno",628.673406950288,43.7044662350389
"111",9366,"29516","Zhrebino",4046.66333098175,17.1199907829265
"112",9373,"29516","Zhrebino",1468.14108008426,260.27299050336
"113",9376,"29516","Zhrebino",2705.95104585825,224.746225740194
"114",9380,"36909","Kirilovo",2254.50803881042,242.478381812826
"115",9381,"36909","Kirilovo",2254.17899953487,241.384713755604
"116",9379,"36909","Kirilovo",4045.46913570563,250.379405837087
"117",9383,"36909","Kirilovo",1934.29012781649,242.139995120359
"118",9386,"36909","Kirilovo",1302.52035171797,231.99172578576
"119",9389,"36909","Kirilovo",1247.26065129719,148.926456932438
"120",9390,"36909","Kirilovo",1283.96100098161,150.962047091765
"121",9391,"36909","Kirilovo",1398.49892975375,150.195924521951
"122",9392,"36909","Kirilovo",1386.77701350883,156.243137825301
"123",9443,"32576","Izgrev",2273.4422911484,170.71639267624
"124",9444,"32576","Izgrev",2320.52082355941,170.942663042939
"125",9447,"32576","Izgrev",4044.8569430815,172.7297048115
"126",6011,"06001","Boyanovo",1808.79697478474,122.06068609695
"127",6013,"06001","Boyanovo",1958.53678804738,81.5954111520197
"128",6023,"69883","Stroyno",2120.88433651735,208.192461263294
"129",6024,"69883","Stroyno",2141.37789755775,212.198795074579
"130",7006,"06001","Boyanovo",4830.23089098881,208.47362602903
"131",8008,"06001","Boyanovo",2802.41821241055,207.539570132811
"132",8010,"06001","Boyanovo",3203.02420325115,216.564719827173
"133",8033,"69883","Stroyno",1089.00776964062,336.651353769266
"134",8037,"05520","Borisovo",995.416953774267,42.6298224217941
"135",8038,"05520","Borisovo",1193.13310923235,58.3255704014435
"136",8030,"06001","Boyanovo",1784.36379728223,106.566515225069
"137",8031,"06001","Boyanovo",1766.54725804773,113.099727797976
"138",8032,"06001","Boyanovo",1775.88174229755,116.077641220709
"139",8045,"05520","Borisovo",719.04577364745,324.90916457926
"140",8046,"05520","Borisovo",710.625785242317,326.954741410088
"141",8048,"05520","Borisovo",439.786472927129,221.850478772128
"142",8050,"05520","Borisovo",940.622631196559,184.385370843367
"143",8360,"44118","Lozenets",2618.0331530866,270.335874478439
"144",8361,"44118","Lozenets",2403.70303496616,273.204963642257
"145",8145,"69660","Straldzha",2471.5611676428,272.448325479468
"146",8146,"69660","Straldzha",2266.75227854824,271.331128197034
"147",8362,"44118","Lozenets",1616.78678195201,268.928032138825
"148",8363,"44118","Lozenets",1551.48866551487,264.145786445744
"149",8147,"69660","Straldzha",3800.49958473793,276.513395060548
"150",8364,"44118","Lozenets",2254.67120928681,264.582544234604
"151",8365,"44118","Lozenets",2311.38251972431,264.360088275486
"152",8366,"44118","Lozenets",2375.65486303992,263.54084879738
"153",8148,"69660","Straldzha",3291.76410454992,275.549695462578
"154",8367,"44118","Lozenets",2407.85220427899,261.561348904063
"155",8368,"44118","Lozenets",2396.9417025554,264.792540248272
"156",8369,"44118","Lozenets",2504.39903714083,264.456091561917
"157",8370,"44118","Lozenets",2489.58125464707,264.391720866628
"158",8371,"44118","Lozenets",2540.61985398706,262.823028706395
"159",8372,"44118","Lozenets",2553.95948174699,264.151291082867
"160",8373,"44118","Lozenets",2600.651558762,263.623421986921
"161",8149,"11661","Vodenichane",2393.90167551724,208.71443139478
"162",8374,"44118","Lozenets",2658.31000496841,263.721082909849
"163",8375,"44118","Lozenets",2712.75677787539,263.60054860913
"164",8376,"44118","Lozenets",2773.97315957137,264.189809668001
"165",8377,"44118","Lozenets",2847.84947851734,262.86160708294
"166",8150,"11661","Vodenichane",1650.13632147915,220.029781423079
"167",8378,"44118","Lozenets",2742.52374992374,262.396190564996
"168",8379,"44118","Lozenets",2656.14562742557,261.190625326269
"169",8380,"44118","Lozenets",2651.83377546713,260.219589225093
"170",8381,"44118","Lozenets",2924.80130489541,261.381387551851
"171",8151,"69660","Straldzha",3786.63218604629,328.504953472877
"172",8152,"69660","Straldzha",4327.65603656153,313.992932085783
"173",8153,"69660","Straldzha",2345.04826887467,350.482910039659
"174",8382,"44118","Lozenets",2894.24940353392,242.998866106841
"175",8154,"69660","Straldzha",1882.30395937219,84.9886385131484
"176",8383,"44118","Lozenets",2192.26441511747,233.787142123032
"177",8384,"44118","Lozenets",1961.60999348711,232.595502549847
"178",8385,"44118","Lozenets",1910.00222431011,235.238608922324
"179",8155,"69660","Straldzha",1687.92282865298,175.814846341509
"180",8386,"44118","Lozenets",1885.81073562973,236.753505907474
"181",8156,"69660","Straldzha",1618.86504217623,198.997000831569
"182",8387,"65406","Saransko",2046.26552994882,116.94615011214
"183",8157,"65406","Saransko",1708.28591958706,135.255805049914
"184",8388,"65406","Saransko",2065.14220608331,114.275469784088
"185",8389,"65406","Saransko",2112.52519565135,114.081032104228
"186",8158,"72076","Tamarino",3531.69233546835,202.934467941182
"187",8159,"72076","Tamarino",1333.01203105045,45.1677553291996
"188",8160,"65406","Saransko",1612.16374516847,200.625285491165
"189",8161,"65406","Saransko",1583.01281837165,212.120563338495
"190",8162,"65406","Saransko",791.740345994147,194.520949563194
"191",8163,"65406","Saransko",768.335170193684,66.4850665975196
"192",8165,"65406","Saransko",1099.12033372964,11.4302406132786
"193",8166,"65406","Saransko",1116.06687739676,10.0180342491559
"194",8167,"65406","Saransko",1746.66632154483,51.9449127744989
"195",8168,"65406","Saransko",1668.38112481251,52.4028705053894
"196",8169,"65406","Saransko",1579.19696461356,52.0313382093505
"197",8200,"06001","Boyanovo",4627.5993732734,117.396130002758
"198",8501,"46797","Malomirovo",900.734425501733,243.251966485148
"199",8502,"46797","Malomirovo",1433.60774171175,256.086056692932
"200",8503,"46797","Malomirovo",1719.45585701289,255.828132435468
"201",8504,"46797","Malomirovo",1879.13346828717,265.907392912221
"202",8505,"46797","Malomirovo",2662.77933699843,261.093036487841
"203",8506,"46797","Malomirovo",2775.44554465952,262.416057020632
"204",8507,"46797","Malomirovo",3672.88632201947,265.665770062401
"205",8508,"46797","Malomirovo",3749.96467069778,266.416640611226
"206",9662,"21542","Dobrich",2674.11540562568,242.603569242067
"207",9663,"21542","Dobrich",2723.319200204,241.385223878672
"208",9664,"21542","Dobrich",2728.29049534248,239.530786774948
"209",9665,"21542","Dobrich",2691.01347737391,240.635689421728
"210",9666,"21542","Dobrich",2714.25478660933,242.103561573975
"211",8522,"21542","Dobrich",1446.29278711505,226.17327370191
"212",8523,"21542","Dobrich",1793.01818443942,294.357103566661
"213",8524,"21542","Dobrich",2131.15142708456,311.46188133102
"214",9670,"21542","Dobrich",3135.6856610622,255.904664555109
"215",8294,"05520","Borisovo",2777.97223175412,313.392294017379
"216",9696,"43615","Leyarovo",1646.24819526662,72.6337485958201
"217",9697,"43615","Leyarovo",2185.51310774675,267.635304418556
"218",8295,"05520","Borisovo",2739.69877485028,306.546818562885
"219",8296,"05520","Borisovo",2697.39548752465,307.37740276389
"220",8297,"05520","Borisovo",2749.79157601191,308.227509853507
"221",8298,"05520","Borisovo",2708.96414780492,308.684462955569
"222",8713,"27382","Elhovo",4553.96240834853,342.625500141133
"223",8714,"27382","Elhovo",4588.42355679771,348.92229606727
"224",8715,"27382","Elhovo",4412.62558646477,350.198078791246
"225",8716,"27382","Elhovo",4381.79702506698,349.626648841404
"226",8717,"27382","Elhovo",4354.59765998666,354.160252985978
"227",8718,"27382","Elhovo",4341.61923511971,356.933756633834
"228",8719,"27382","Elhovo",4341.13698179685,357.587302548132
"229",8720,"27382","Elhovo",4649.77345185301,7.82948958680724
"230",8721,"27382","Elhovo",4647.90010020766,7.18556837601656
"231",8722,"27382","Elhovo",4664.13271786516,6.87036806868083
"232",8723,"27382","Elhovo",4414.17909113753,8.55532651743894
"233",8724,"27382","Elhovo",4292.6123083749,11.476245029782
"234",8725,"27382","Elhovo",4296.26420922601,7.55868364497005
"235",8726,"27382","Elhovo",4281.59902146756,8.02594158941382
"236",8727,"27382","Elhovo",4154.92036422409,2.9397857266453
"237",8728,"27382","Elhovo",4140.2576510631,2.50744911214073
"238",8729,"27382","Elhovo",3985.41801630903,358.243344215443
"239",8730,"46797","Malomirovo",2560.60151583368,87.0205293361722
"240",8731,"46797","Malomirovo",1128.68111974091,75.1382833284268
"241",8732,"46797","Malomirovo",978.228503721047,74.6458587525514
"242",8570,"66980","Slaveykovo",506.62668654588,303.563692387864
"243",8733,"66980","Slaveykovo",544.653563316352,307.844858572186
"244",8571,"66980","Slaveykovo",568.461319610083,302.768417652232
"245",8734,"66980","Slaveykovo",579.40737148977,306.363951788758
"246",8572,"66980","Slaveykovo",820.894906659846,228.561111973643
"247",8735,"46797","Malomirovo",5538.51498702046,302.317720104984
"248",8573,"66980","Slaveykovo",821.971571884926,225.57129778239
"249",8736,"46797","Malomirovo",5496.99192028559,302.354822203206
"250",8574,"66980","Slaveykovo",854.790496966958,226.291562744514
"251",8737,"46797","Malomirovo",5389.71626473523,302.019678017141
"252",8575,"66980","Slaveykovo",822.160372016872,235.260783171705
"253",8576,"66980","Slaveykovo",789.800380879841,226.448900131872
"254",8577,"66980","Slaveykovo",1000.07203545506,178.041086122608
"255",8738,"43116","Lalkovo",3414.71640948029,160.01219223353
"256",8739,"66980","Slaveykovo",1138.07624988448,335.663087021802
"257",8578,"66980","Slaveykovo",1294.67270669124,239.005463688878
"258",8740,"46797","Malomirovo",3140.15200864224,295.044255604992
"259",8579,"66980","Slaveykovo",1599.27827827799,256.72361409455
"260",8741,"46797","Malomirovo",2941.41647008546,301.893989726298
"261",8580,"43116","Lalkovo",4584.78609506612,185.408146212893
"262",9740,"46797","Malomirovo",3075.23391243526,312.613379605882
"263",9825,"81121","Chernozem",312.044335804193,262.074960504102
"264",8581,"47768","Melnitsa",5015.71353943379,199.565937922985
"265",8582,"81121","Chernozem",2409.30582865143,43.6235183153058
"266",9827,"81121","Chernozem",949.947825941149,122.819312684452
"267",8583,"81121","Chernozem",1805.63835418559,69.4640638616197
"268",8584,"81121","Chernozem",1798.14160231012,70.999445767338
"269",8585,"81121","Chernozem",1773.83616815564,71.3324347376629
"270",8586,"81121","Chernozem",1753.35625647403,71.3264953723571
"271",8587,"81121","Chernozem",1715.73765705932,73.8433681238257
"272",9828,"81121","Chernozem",706.164189729333,147.011459079907
"273",8588,"81121","Chernozem",1758.95114130578,72.7849940004791
"274",8589,"81121","Chernozem",1875.89881036912,74.4367856054768
"275",8590,"81121","Chernozem",1808.69004830937,71.8469816104945
"276",9744,"46797","Malomirovo",762.799838694616,33.5278450494129
"277",8742,"17748","Granitovo",3154.53731235459,177.617842638091
"278",8743,"17748","Granitovo",2695.23841853469,190.938855453
"279",8591,"17748","Granitovo",2851.1075567076,339.566442593409
"280",8744,"17748","Granitovo",2773.40104387156,191.328127565829
"281",8592,"17748","Granitovo",2577.18356456015,344.689650809099
"282",8745,"17748","Granitovo",2785.87880819154,191.665159236992
"283",8746,"17748","Granitovo",2743.14511886371,191.114137971783
"284",8593,"47768","Melnitsa",1604.66371973109,138.411012471672
"285",8594,"47768","Melnitsa",1867.97734734992,105.593392044851
"286",8747,"17748","Granitovo",2014.43161958254,207.728234169308
"287",8595,"17748","Granitovo",5166.84576431867,353.07223146029
"288",8748,"17748","Granitovo",1994.94941902455,206.951271901419
"289",8596,"47768","Melnitsa",3219.24000865212,57.3862642164122
"290",8749,"17748","Granitovo",2346.55156956449,270.940996405517
"291",8750,"17748","Granitovo",2433.66854348601,271.680326389811
"292",8751,"17748","Granitovo",2475.45065174943,290.284963698871
"293",8597,"47768","Melnitsa",1294.04431964049,63.6305781375252
"294",8752,"47768","Melnitsa",2707.45712850691,178.292210014287
"295",8598,"27382","Elhovo",2311.20006132885,221.276865156306
"296",8599,"27382","Elhovo",2404.32012631303,221.268571107554
"297",9745,"46797","Malomirovo",1459.1844091274,54.4245267666978
"298",9829,"21542","Dobrich",2753.96039015488,194.552450412373
"299",8600,"27382","Elhovo",2838.56088629728,219.435857702572
"300",8601,"27382","Elhovo",3546.25554893884,215.285644379866
"301",9830,"21542","Dobrich",2800.21276392522,192.883914979803
"302",8602,"36909","Kirilovo",2288.51668000953,353.973335671976
"303",8603,"36909","Kirilovo",2253.81244409187,349.556403980402
"304",9831,"36909","Kirilovo",3135.89639392526,325.756931910878
"305",9832,"36909","Kirilovo",3198.97113792632,325.239692353651
"306",8604,"27382","Elhovo",4609.91284576623,245.607209937637
"307",8605,"27382","Elhovo",4109.68854033338,249.298384492753
"308",9833,"21542","Dobrich",1902.04983660414,150.902234454199
"309",8606,"27382","Elhovo",3921.17935374819,248.963865162394
"310",9834,"21542","Dobrich",1864.73908290133,151.179334883816
"311",9835,"21542","Dobrich",1805.18245115203,152.341509728432
"312",9836,"21542","Dobrich",1443.21200517387,157.935530126595
"313",9837,"21542","Dobrich",2588.89141757137,99.8113893689473
"314",9838,"21542","Dobrich",2593.62054574287,100.079947182488
"315",9839,"21542","Dobrich",2648.8804083146,100.279100812213
"316",9840,"21542","Dobrich",2677.82245312247,101.23255350759
"317",9841,"21542","Dobrich",2900.75416457351,116.230791086336
"318",9842,"21542","Dobrich",2912.70625882,115.466693903329
"319",9843,"21542","Dobrich",2931.25780909797,114.23848427221
"320",8607,"43459","Lesovo",2342.12307281491,319.665118810638
"321",8608,"43459","Lesovo",2092.31572792716,301.387181449632
"322",9844,"43459","Lesovo",3107.48081145525,112.575672299443
"323",9845,"43459","Lesovo",2344.27890633182,99.9661110300099
"324",8609,"43459","Lesovo",2799.63300731939,275.891306724851
"325",8610,"43459","Lesovo",4060.2601398103,263.368677962186
"326",9846,"47768","Melnitsa",1966.70294010918,346.068958145473
"327",9847,"47768","Melnitsa",2275.50022353697,317.483548918743
"328",8611,"43459","Lesovo",3773.70650999383,232.408464699917
"329",8753,"46797","Malomirovo",2156.09269198958,340.988481821715
"330",9848,"47768","Melnitsa",1447.59207374801,215.006672532733
"331",8612,"43459","Lesovo",2751.97295241284,241.889050005575
"332",8754,"46797","Malomirovo",2096.57512567525,340.663527153978
"333",9746,"46797","Malomirovo",296.965554862334,282.828678921399
"334",8614,"12530","Valcha polyana",620.729839256049,284.019818433009
"335",9849,"47768","Melnitsa",1202.05065980191,254.273809999319
"336",8755,"15730","Golyam Dervent",3519.04561331442,205.660453980245
"337",8615,"12530","Valcha polyana",891.714725152631,304.239710583311
"338",9850,"47768","Melnitsa",1150.36692826276,255.096572402097
"339",9747,"46797","Malomirovo",847.712316539095,94.0641856659288
"340",9851,"47768","Melnitsa",1365.66561006493,253.073197800431
"341",8616,"12530","Valcha polyana",950.888494534772,343.463370288851
"342",8757,"15730","Golyam Dervent",3771.0213891718,214.699840369614
"343",8617,"15730","Golyam Dervent",2514.16027734472,132.048330429373
"344",8618,"15730","Golyam Dervent",1739.82321623562,132.686355025486
"345",8758,"15730","Golyam Dervent",3382.93766277714,221.486651331552
"346",9852,"46615","Malko Kirilovo",1411.77566231833,220.132758917858
"347",8619,"15730","Golyam Dervent",824.316413935605,355.688195710584
"348",8759,"15730","Golyam Dervent",3514.724060475,239.774483189074
"349",9853,"61738","Razdel",3714.78393786271,0.0218853974390794
"350",8760,"15730","Golyam Dervent",2907.39020145593,240.718657070421
"351",9854,"61738","Razdel",3748.2775225547,0.0258708043252578
"352",9855,"61738","Razdel",3199.41766036409,3.19784261595609
"353",9856,"61738","Razdel",3058.97595076295,4.8746977398572
"354",8623,"43116","Lalkovo",601.421691577322,29.671481722134
"355",8624,"43116","Lalkovo",889.694553501423,34.1410821436249
"356",9857,"47768","Melnitsa",3215.50229849949,269.552990190311
"357",8761,"43116","Lalkovo",2835.60603445979,95.3288995591081
"358",9858,"47768","Melnitsa",2820.84132802934,257.415546432741
"359",8625,"43116","Lalkovo",1884.41845642243,34.5343043398874
"360",8626,"43116","Lalkovo",1470.9249191054,41.5188781143851
"361",9859,"47768","Melnitsa",3039.66422310484,248.363904754859
"362",9860,"47768","Melnitsa",3082.97657763503,245.040314162389
"363",8627,"43116","Lalkovo",2208.79824221794,6.02921264170949
"364",8762,"61738","Razdel",1122.38040966439,143.250350323455
"365",9861,"47768","Melnitsa",3011.71940937308,249.187463093296
"366",8628,"43116","Lalkovo",2036.98233377868,2.91596075339615
"367",8629,"43116","Lalkovo",2801.13693539602,352.144251477706
"368",9862,"61738","Razdel",3223.28351132388,63.6623188750744
"369",8630,"43116","Lalkovo",2764.9712077991,351.422924840138
"370",8763,"61738","Razdel",3647.45242791292,185.344634638991
"371",8764,"61738","Razdel",3655.71210364283,186.226991796941
"372",8631,"43116","Lalkovo",2537.54287366159,354.254657041783
"373",8765,"61738","Razdel",3708.91681478803,186.673759050531
"374",8766,"46797","Malomirovo",2301.19838539481,359.73804577217
"375",8632,"43116","Lalkovo",2202.60764227408,337.206317741332
"376",8633,"43116","Lalkovo",1909.93403682508,338.750441672477
"377",9863,"81121","Chernozem",3656.94516270812,20.1654082555502
"378",8767,"81121","Chernozem",1719.50596680404,260.703155580617
"379",9864,"81121","Chernozem",3691.22324912928,19.9548186619809
"380",8634,"43116","Lalkovo",953.62071003346,236.744978226199
"381",9865,"43459","Lesovo",5659.36786937554,272.003048605872
"382",9866,"12530","Valcha polyana",3447.15640194667,41.072098853322
"383",9867,"12530","Valcha polyana",3172.15666674552,28.4217662622454
"384",9868,"43459","Lesovo",4610.84166327757,271.623312417461
"385",9869,"43459","Lesovo",3752.67421025187,270.704951516272
"386",9870,"43459","Lesovo",3515.71370186563,263.64855608752
"387",8635,"35794","Kamenets",1440.35733250637,353.619584791287
"388",8768,"57409","Polyana",1593.8282751738,292.151537170495
"389",8636,"35794","Kamenets",1613.60127698066,357.870892611242
"390",8769,"57409","Polyana",1944.04473685446,295.227037560646
"391",8638,"43615","Leyarovo",2366.33854756913,136.65542673224
"392",8770,"00343","Aleksandrovo",3595.74901527804,48.6464510953459
"393",8639,"05520","Borisovo",2073.0546762381,215.756881513973
"394",8771,"57409","Polyana",2190.88026877083,276.272422948542
"395",8640,"43615","Leyarovo",2555.40194901772,181.330553730444
"396",8641,"43615","Leyarovo",2487.51723295657,180.878498379338
"397",8642,"35794","Kamenets",3415.84983881872,300.0440125486
"398",8643,"35794","Kamenets",3397.18370334896,298.629247475528
"399",8772,"00343","Aleksandrovo",2599.4895509286,45.8669872026993
"400",8773,"57409","Polyana",3451.23565300631,256.37999341041
"401",8644,"43615","Leyarovo",1647.14914725023,72.5724325054122
"402",8774,"57409","Polyana",3075.21092313498,249.40676778607
"403",8645,"05520","Borisovo",784.345012734197,265.784210819554
"404",8775,"57409","Polyana",2016.649641383,256.073700305553
"405",8646,"05520","Borisovo",1104.08006031403,278.506547951541
"406",8776,"57409","Polyana",1101.34738481763,270.168646630616
"407",8647,"44666","Lyulin",652.669593528857,54.2256723275258
"408",9871,"44666","Lyulin",1319.86443741173,82.8297197879224
"409",9872,"44666","Lyulin",1404.70004323318,78.2995351691849
"410",8777,"44666","Lyulin",1344.25519075125,4.61717990076318
"411",8778,"44666","Lyulin",1393.81789356277,4.20887928775825
"412",9873,"44666","Lyulin",2348.74376793739,97.6441384768724
"413",8648,"32771","Irechekovo",5808.46849608646,326.915774633977
"414",8779,"44666","Lyulin",1372.57610453601,1.54432461051153
"415",8780,"44666","Lyulin",1414.54803089661,351.681082729486
"416",9874,"44666","Lyulin",2370.25248874404,87.4618390444348
"417",8781,"44666","Lyulin",2431.64080583127,16.7588974495492
"418",8782,"44666","Lyulin",2529.09422500102,16.8845685527818
"419",9875,"44666","Lyulin",2652.14895860692,83.3955473431983
"420",9876,"44666","Lyulin",2675.582009146,82.8041757404141
"421",8783,"44666","Lyulin",3546.83431081626,41.2216929065271
"422",9877,"44666","Lyulin",3159.3536358856,76.6194314113273
"423",8784,"44666","Lyulin",2126.32161549212,334.275883215575
"424",9878,"44666","Lyulin",1966.75197959638,63.3552908560018
"425",8785,"51384","Nedyalsko",3331.72359103514,173.186940579056
"426",8786,"51384","Nedyalsko",2701.25136475445,161.589980367812
"427",9879,"51384","Nedyalsko",4584.25523674443,66.2237649211406
"428",8787,"51384","Nedyalsko",2261.11868521134,182.139931101436
"429",9880,"51384","Nedyalsko",4789.00196048186,69.6249604633757
"430",8788,"51384","Nedyalsko",2098.1439928773,183.84410947966
"431",8789,"51384","Nedyalsko",2075.64229548387,199.905173637933
"432",9881,"44666","Lyulin",1603.47575609783,104.915134460073
"433",8790,"51384","Nedyalsko",2090.50184793005,201.430022371795
"434",8791,"51384","Nedyalsko",2261.98605487139,223.439004060557
"435",8792,"04786","Bogorovo",1428.57622520164,166.960538849425
"436",8793,"51384","Nedyalsko",1318.33333154616,249.719174796844
"437",9882,"59046","Parvenets",3060.68178815698,284.484169140523
"438",8794,"51384","Nedyalsko",1284.66161584281,245.996282434289
"439",9883,"59046","Parvenets",3074.09927793594,286.20026730333
"440",8795,"51384","Nedyalsko",671.129773543762,219.612795679308
"441",9884,"59046","Parvenets",3077.45311124581,287.264677049719
"442",9885,"59046","Parvenets",3062.48617884629,287.885075167503
"443",9886,"59046","Parvenets",3518.07949572114,294.277912084779
"444",9887,"59046","Parvenets",3044.49371535757,286.968248587289
"445",8796,"32576","Izgrev",641.735240098233,30.276810590551
"446",8649,"58801","Pchela",2176.14679070021,164.849608680961
"447",8650,"58801","Pchela",2226.62112341882,165.41502744545
"448",8651,"58801","Pchela",1526.16855096032,167.942593658925
"449",8797,"32576","Izgrev",1318.21395132113,223.787253957508
"450",8652,"58801","Pchela",1562.9153379233,200.706451909852
"451",8798,"27382","Elhovo",1442.49874786129,346.259471000605
"452",8799,"27382","Elhovo",3914.5616933155,32.2443351255623
"453",8653,"58801","Pchela",2721.06185934794,0.379497739342724
"454",8654,"59046","Parvenets",1741.15389824935,359.591689837399
"455",8655,"59046","Parvenets",931.058437429725,355.53929302775
"456",9895,"58003","Pravdino",3841.51804643534,197.289837124907
"457",8656,"59046","Parvenets",913.007809229082,5.80556474327098
"458",9896,"58003","Pravdino",3501.39003784598,196.684920961326
"459",8657,"51384","Nedyalsko",1161.48921684237,332.527965410428
"460",9897,"58003","Pravdino",2609.36640204174,203.255224352947
"461",8658,"51384","Nedyalsko",776.851674040399,342.261744229789
"462",8659,"51384","Nedyalsko",801.81230626021,341.693381207202
"463",9898,"58003","Pravdino",2402.58265709103,201.515078585108
"464",8660,"51384","Nedyalsko",2605.93186356576,138.860660599727
"465",9899,"58003","Pravdino",1100.4187290988,179.244917519644
"466",8661,"51384","Nedyalsko",2670.88111122486,138.388780381213
"467",8662,"51384","Nedyalsko",2658.23900137316,140.274970193495
"468",9959,"58003","Pravdino",2956.80273511132,231.942691267066
"469",8663,"51384","Nedyalsko",3217.32531683629,142.642990318651
"470",9960,"58003","Pravdino",2906.25582267486,234.501611302865
"471",9961,"58003","Pravdino",2622.41010461683,240.748316179062
"472",9962,"58003","Pravdino",3093.52528141672,250.689703356194
"473",8664,"55244","Palauzovo",4305.06774203134,324.19509509208
"474",8665,"55244","Palauzovo",4083.65520363901,330.471146996993
"475",9963,"58003","Pravdino",3086.64052327898,251.436810253642
"476",8666,"55244","Palauzovo",3275.94265180584,328.042231410224
"477",9964,"58003","Pravdino",3065.00457290059,251.971537338385
"478",8667,"55244","Palauzovo",3313.38069242088,327.836108681634
"479",8668,"55244","Palauzovo",3800.2590778347,317.024716731048
