FID,Type,Condition,PrincipalS,TRAP,Topo_ID,Xtext,Ytext,Easting,Northing
0,Burial Mound,4 - seriously damaged,Agriculture,9500,0,26.13517719,42.37472892,428798.928294149,4691745.48991178
1,Burial Mound,3 - damaged,Agriculture,9501,0,26.13350168,42.37343225,428659.514538773,4691602.91596001
2,Burial Mound,3 - damaged,Agriculture,9502,0,26.16158218,42.36523758,430962.478551886,4690669.8189891
3,Burial Mound,3 - damaged,Agriculture,9503,0,26.15960901,42.37050762,430805.785892337,4691256.59317202
4,Uncertain Mound,4 - seriously damaged,Agriculture,9504,0,26.16438921,42.37431681,431203.527381754,4691675.67521865
5,Burial Mound,3 - damaged,Agriculture,9505,0,26.1651599,42.37405241,431266.690971454,4691645.69353148
6,Burial Mound,2 - minor damage,Animal activity,9506,0,26.16452806,42.37497185,431215.67394338,4691748.29668459
7,Burial Mound,2 - minor damage,Looting,9507,0,26.13264363,42.4036724,428623.13973156,4694961.42964221
8,Burial Mound,4 - seriously damaged,Looting,9508,0,26.1330311,42.40357143,428654.911393445,4694949.89268858
9,Burial Mound,5 - extinct or near extinct,Looting,9509,0,26.13337097,42.40357623,428682.885799166,4694950.14031246
10,Burial Mound,2 - minor damage,Looting,8100,0,26.13370833,42.40222518,428709.118545951,4694799.83947941
11,Burial Mound,2 - minor damage,Animal activity,9510,0,26.13168499,42.40430314,428544.966171383,4695032.27152082
12,Burial Mound,4 - seriously damaged,Looting,9511,0,26.13133157,42.40461911,428516.241202173,4695067.65347797
13,Burial Mound,4 - seriously damaged,Looting,9512,0,26.13115114,42.40480866,428501.608547985,4695088.85254483
14,Burial Mound,5 - extinct or near extinct,Looting,8101,0,26.13346202,42.40266094,428689.34199487,4694848.43204287
15,Burial Mound,5 - extinct or near extinct,Excavation,8102,0,26.13752645,42.40341649,429024.673182161,4694928.92319598
16,Extinct Burial Mound,5 - extinct or near extinct,Agriculture,8300,0,26.13347198,42.40069278,428687.932732531,4694629.88346385
17,Burial Mound,3 - damaged,Agriculture,9513,0,26.13481875,42.39465764,428791.944166618,4693958.62556672
18,Burial Mound,2 - minor damage,Post-depositional,8301,0,26.13289378,42.39780368,428637.074768356,4694309.56966019
19,Extinct Burial Mound,5 - extinct or near extinct,No observation,8103,0,26.13992744,42.40592688,429225.08060576,4695205.66851979
20,Uncertain Mound,5 - extinct or near extinct,No observation,8104,0,26.1390629,42.40836932,429156.686038288,4695477.59258806
21,Burial Mound,0 - No observation,Other,8302,0,26.12892326,42.39705737,428309.448709968,4694230.04350717
22,Uncertain Mound,1 - pristine,No observation,8105,0,26.14072092,42.40992288,429294.86420197,4695648.71534991
23,Uncertain Mound,4 - seriously damaged,Looting,9514,0,26.1432916,42.39738531,429492.353906749,4694254.43414073
24,Burial Mound,1 - pristine,Agriculture,8303,0,26.11879323,42.39523427,427473.630911635,4694036.20732728
25,Burial Mound,4 - seriously damaged,Agriculture,9517,0,26.22903625,42.40478628,436556.691718922,4695008.62880148
26,Extinct Burial Mound,5 - extinct or near extinct,Looting,8108,0,26.18663453,42.38970276,433051.362167582,4693366.32599252
27,Burial Mound,3 - damaged,Agriculture,9518,0,26.230018,42.4084193,436641.137485742,4695411.29823533
28,Burial Mound,4 - seriously damaged,Looting,9519,0,26.21493816,42.40888436,435400.745467392,4695474.29455278
29,Burial Mound,4 - seriously damaged,Looting,9520,0,26.2112497,42.41040418,435098.803602473,4695645.86342618
30,Burial Mound,2 - minor damage,Animal activity,8111,0,26.18076711,42.40267242,432582.29267676,4694811.08502098
31,Burial Mound,4 - seriously damaged,Looting,9521,0,26.2110756,42.41069685,435084.77975681,4695678.49388865
32,Burial Mound,2 - minor damage,Looting,8112,0,26.1736336,42.40382819,431996.4942394,4694945.10439671
33,Burial Mound,4 - seriously damaged,Looting,9522,0,26.21936852,42.41744756,435774.040406129,4696421.77419514
34,Burial Mound,1 - pristine,No observation,8113,0,26.16717167,42.40553013,431466.57694046,4695139.27667607
35,Burial Mound,2 - minor damage,Post-depositional,9523,0,26.21233709,42.4173977,435195.479286928,4696421.57871925
36,Burial Mound,4 - seriously damaged,Looting,8114,0,26.16557283,42.40019299,431329.187155252,4694547.94358591
37,Burial Mound,2 - minor damage,Looting,8115,0,26.17088944,42.39287284,431758.799635507,4693730.84804661
38,Burial Mound,4 - seriously damaged,Looting,9524,0,26.20075039,42.4160662,434240.79323253,4696282.63712148
39,Uncertain Mound,5 - extinct or near extinct,Looting,8116,0,26.18393613,42.39443578,432834.300663312,4693893.99812465
40,Burial Mound,4 - seriously damaged,Looting,9525,0,26.20036959,42.41636743,434209.777161501,4696316.37996396
41,Burial Mound,1 - pristine,No observation,9526,0,26.20014047,42.41651885,434191.084350828,4696333.37082349
42,Burial Mound,4 - seriously damaged,Looting,9527,0,26.19750504,42.41083284,433968.286695666,4695704.05352454
43,Burial Mound,4 - seriously damaged,Looting,9532,0,26.11139548,42.32282514,426780.74325945,4686002.4495416
44,Burial Mound,2 - minor damage,Agriculture,9533,0,26.12067399,42.31794629,427539.681845877,4685452.77744534
45,Burial Mound,1 - pristine,No observation,8118,0,26.03702863,42.36588961,420707.148031346,4690850.87165383
46,Burial Mound,3 - damaged,Agriculture,9534,0,26.13019391,42.32686093,428334.289175186,4686434.56402041
47,Burial Mound,2 - minor damage,Looting,8119,0,26.04062205,42.37154599,421010.127300651,4691475.59658332
48,Burial Mound,3 - damaged,Agriculture,9535,0,26.13239884,42.32882515,428518.184765829,4686650.80912005
49,Burial Mound,4 - seriously damaged,Agriculture,9536,0,26.12606772,42.33956508,428008.809618883,4687848.67281278
50,Burial Mound,3 - damaged,Agriculture,8120,0,26.04243799,42.35834032,421143.128072266,4690007.58757238
51,Burial Mound,4 - seriously damaged,Agriculture,9537,0,26.12459546,42.34460905,427893.293709101,4688409.98580736
52,Extinct Burial Mound,5 - extinct or near extinct,Agriculture,8121,0,26.0386903,42.35676104,420832.514170337,4689835.71106815
53,Uncertain Mound,4 - seriously damaged,Excavation,8338,0,26.24516733,42.35834192,437838.341109018,4689839.6586113
54,Burial Mound,4 - seriously damaged,Agriculture,9538,0,26.11542731,42.34895439,427143.129594289,4688900.29193762
55,Burial Mound,1 - pristine,No observation,8339,0,26.23935819,42.3591658,437360.76497567,4689935.4025719
56,Extinct Burial Mound,5 - extinct or near extinct,Agriculture,8122,0,26.06335535,42.36047095,422868.329154419,4690224.97985735
57,Burial Mound,2 - minor damage,Excavation,8340,0,26.24329763,42.36306858,437689.038179405,4690365.86017575
58,Burial Mound,4 - seriously damaged,Agriculture,9539,0,26.11353273,42.34187062,426978.885400708,4688115.35742975
59,Extinct Burial Mound,5 - extinct or near extinct,Agriculture,8123,0,26.07586167,42.34701893,423881.987254739,4688720.03741208
60,Burial Mound,5 - extinct or near extinct,Agriculture,9540,0,26.11423939,42.34200415,427037.250059925,4688129.57774786
61,Extinct Burial Mound,5 - extinct or near extinct,Agriculture,8124,0,26.08019646,42.34689193,424238.879002309,4688702.06520426
62,Extinct Burial Mound,5 - extinct or near extinct,Agriculture,8125,0,26.09962666,42.37668833,425874.327003096,4691993.44761424
63,Extinct Burial Mound,5 - extinct or near extinct,Agriculture,9541,0,26.11818536,42.33856343,427358.333217201,4687744.15418583
64,Burial Mound,2 - minor damage,Looting,8341,0,26.24102697,42.36853972,437507.481808062,4690975.02501418
65,Extinct Burial Mound,5 - extinct or near extinct,Agriculture,8126,0,26.09945629,42.37543169,425858.822451713,4691854.06211241
66,Burial Mound,3 - damaged,Road cut,8342,0,26.24090384,42.3683457,437497.151086394,4690953.5721463
67,Extinct Burial Mound,5 - extinct or near extinct,Agriculture,8127,0,26.09912737,42.37761432,425834.311012361,4692096.7027251
68,Uncertain Mound,0 - No observation,No observation,8344,0,26.23643442,42.37273013,437133.516261141,4691443.7015167
69,Extinct Burial Mound,0 - No observation,No observation,8128,0,26.058807,42.372766,422508.888060969,4691594.32604798
70,Extinct Burial Mound,0 - No observation,No observation,9542,0,26.131279,42.330023,428427.278361962,4686784.75562545
71,Extinct Burial Mound,0 - No observation,No observation,9543,0,26.124631,42.339661,427890.566868009,4687860.54040817
72,Extinct Burial Mound,0 - No observation,No observation,9544,0,26.114431,42.34725,427059.098404532,4688711.89580644
73,Extinct Burial Mound,0 - No observation,Looting,9545,0,26.113514,42.34124,426976.612766954,4688045.3515168
74,Extinct Burial Mound,0 - No observation,Agriculture,9546,0,26.111041,42.340508,426772.050904721,4687966.19867325
75,Burial Mound,3 - damaged,Looting,9547,0,26.09934432,42.41028791,425890.626124822,4695724.51633631
76,Burial Mound,0 - No observation,No observation,9548,0,26.09987836,42.41061501,425934.954165084,4695760.37112229
77,Burial Mound,3 - damaged,Agriculture,9549,0,26.0988467,42.41114213,425850.685978349,4695819.80155904
78,Burial Mound,3 - damaged,Looting,9550,0,26.08729535,42.41221134,424901.478159306,4695948.67262221
79,Burial Mound,4 - seriously damaged,Looting,9551,0,26.08755017,42.41179232,424921.945456012,4695901.92015756
80,Burial Mound,3 - damaged,Looting,9552,0,26.08783114,42.40839652,424941.015417743,4695524.60861569
81,Burial Mound,4 - seriously damaged,Looting,9553,0,26.08812699,42.40831651,424965.26463916,4695515.46309449
82,Burial Mound,4 - seriously damaged,Agriculture,9554,0,26.07543913,42.40580572,423918.183960979,4695247.95480619
83,Burial Mound,3 - damaged,Agriculture,9555,0,26.07527418,42.39734979,423894.390683484,4694309.17304872
84,Burial Mound,2 - minor damage,Agriculture,9557,0,26.08309879,42.40454493,424546.988956718,4695101.12776967
85,Burial Mound,3 - damaged,Agriculture,9558,0,26.08952904,42.40225057,425073.41663712,4694840.67564788
86,Burial Mound,3 - damaged,Agriculture,9559,0,26.09689719,42.39596024,425672.35407273,4694135.73892802
87,Burial Mound,3 - damaged,Agriculture,9560,0,26.10022728,42.3882081,425937.316612935,4693272.05115402
88,Burial Mound,3 - damaged,Looting,9561,0,26.10688994,42.39400138,426492.502736132,4693909.53858777
89,Burial Mound,3 - damaged,Looting,9562,0,26.10826665,42.3929786,426604.622021944,4693794.78136608
90,Burial Mound,3 - damaged,Post-depositional,9564,0,26.11649632,42.38453949,427272.239678192,4692850.64711024
91,Burial Mound,3 - damaged,Agriculture,9565,0,26.11656827,42.38423405,427277.809923725,4692816.67023301
92,Burial Mound,4 - seriously damaged,Looting,9566,0,26.11657043,42.38392561,427277.631734046,4692782.41996466
93,Burial Mound,2 - minor damage,Agriculture,9567,0,26.13229737,42.38421287,428572.580720867,4692800.9793874
94,Burial Mound,3 - damaged,Agriculture,9569,0,26.04358574,42.40570617,421296.832206362,4695265.91960992
95,Burial Mound,2 - minor damage,Agriculture,9570,0,26.04034342,42.40381993,421027.654035114,4695059.48389665
96,Burial Mound,3 - damaged,Agriculture,9571,0,26.04066869,42.39944612,421048.937614383,4694573.52205124
97,Burial Mound,2 - minor damage,Agriculture,9572,0,26.03431941,42.39044311,420515.038707017,4693579.76549099
98,Burial Mound,2 - minor damage,Agriculture,9573,0,26.04650085,42.38740711,421513.916608799,4693231.3323552
99,Burial Mound,2 - minor damage,Agriculture,9574,0,26.0473699,42.38712981,421585.106826908,4693199.73931971
100,Burial Mound,2 - minor damage,Agriculture,9575,0,26.04738074,42.38768541,421586.690664124,4693261.42192309
101,Burial Mound,3 - damaged,Agriculture,9576,0,26.04757937,42.3881612,421603.632799552,4693314.06934755
102,Burial Mound,2 - minor damage,Agriculture,9577,0,26.04766574,42.38867477,421611.381265102,4693371.01536941
103,Extinct Burial Mound,4 - seriously damaged,Agriculture,9578,0,26.05084543,42.39070847,421875.632618704,4693593.90486962
104,Burial Mound,3 - damaged,Agriculture,9579,0,26.05208676,42.39089331,421978.03558931,4693613.28862573
105,Burial Mound,2 - minor damage,Agriculture,9580,0,26.0451599,42.39267737,421410.112468308,4693817.77008168
106,Burial Mound,3 - damaged,Agriculture,9581,0,26.05087367,42.40097691,421890.693186218,4694734.06549654
107,Burial Mound,3 - damaged,Agriculture,9582,0,26.0553341,42.41083273,422269.941098436,4695824.34623694
108,Burial Mound,3 - damaged,Urban development,9583,0,26.06017882,42.41403509,422672.517340483,4696175.5087765
109,Burial Mound,4 - seriously damaged,Looting,9584,0,26.06932143,42.41923309,423431.092015919,4696744.40303125
110,Burial Mound,4 - seriously damaged,Looting,9585,0,26.0687763,42.41937669,423386.41747558,4696760.83973959
111,Burial Mound,3 - damaged,Looting,9614,0,26.25327912,42.36666778,438514.482309242,4690758.2371959
112,Extinct Burial Mound,5 - extinct or near extinct,Agriculture,8171,0,26.24892448,42.36573849,438155.004751061,4690658.21018585
113,Burial Mound,4 - seriously damaged,Looting,9615,0,26.2569281,42.36770471,438815.94975806,4690870.74217553
114,Uncertain Mound,4 - seriously damaged,Looting,9618,0,26.23314229,42.36839218,436858.119597474,4690964.46849812
115,Burial Mound,4 - seriously damaged,Looting,9619,0,26.23295806,42.36986414,436844.424933323,4691128.04730099
116,Burial Mound,3 - damaged,Looting,9620,0,26.23238006,42.37030914,436797.280302755,4691177.88830504
117,Extinct Burial Mound,0 - No observation,No observation,9621,0,26.22875332,42.37243731,436500.811341013,4691416.89659536
118,Burial Mound,3 - damaged,Agriculture,9622,0,26.22725637,42.36392091,436368.966848332,4690472.38075131
119,Burial Mound,4 - seriously damaged,Agriculture,8179,0,26.21823093,42.32572116,435586.78328705,4686237.60715104
120,Extinct Burial Mound,5 - extinct or near extinct,Agriculture,8180,0,26.19297985,42.35029121,433532.110758012,4688985.20346779
121,Burial Mound,4 - seriously damaged,Agriculture,8181,0,26.17663458,42.33134494,432165.50752677,4686894.37904382
122,Extinct Burial Mound,5 - extinct or near extinct,Agriculture,8182,0,26.16857125,42.33471483,431504.847565649,4687275.02032951
123,Burial Mound,4 - seriously damaged,Agriculture,8184,0,26.16727655,42.33742294,431401.129774737,4687576.76262236
124,Burial Mound,3 - damaged,Agriculture,8185,0,26.16978861,42.31543367,431584.247922431,4685133.13263975
125,Burial Mound,4 - seriously damaged,Agriculture,8186,0,26.16519201,42.31697503,431207.129348716,4685307.98485523
126,Burial Mound,4 - seriously damaged,Agriculture,8187,0,26.16474742,42.31669978,431170.192413749,4685277.78165556
127,Uncertain Mound,0 - No observation,No observation,9623,0,26.05640776,42.4379271,422391.713960815,4698831.88196651
128,Burial Mound,3 - damaged,Looting,9624,0,26.04931326,42.42848792,421796.467542691,4697790.27752969
129,Burial Mound,3 - damaged,Looting,9625,0,26.05276711,42.42757515,422079.45320067,4697685.74980189
130,Extinct Burial Mound,0 - No observation,Construction,9626,0,26.05475705,42.42787277,422243.517341931,4697716.97303176
131,Burial Mound,4 - seriously damaged,Looting,9627,0,26.06724955,42.42389357,423266.316193231,4697263.76521507
132,Burial Mound,2 - minor damage,Looting,9628,0,26.06755046,42.42387215,423291.044952359,4697261.11492443
133,Burial Mound,4 - seriously damaged,Agriculture,9629,0,26.08226234,42.42454293,424502.147908882,4697322.41329576
134,Burial Mound,3 - damaged,Looting,9630,0,26.08896296,42.42442958,425053.244861442,4697303.89186641
135,Burial Mound,3 - damaged,Construction,9631,0,26.09059671,42.42316832,425186.147180332,4697162.40307694
136,Burial Mound,4 - seriously damaged,Looting,9632,0,26.08876921,42.42221828,425034.671251155,4697058.52373466
137,Burial Mound,3 - damaged,Looting,9633,0,26.08452686,42.42138003,424684.654651199,4696969.19931341
138,Burial Mound,4 - seriously damaged,Looting,9634,0,26.08333166,42.41982352,424584.460176555,4696797.42765663
139,Burial Mound,2 - minor damage,Post-depositional,9635,0,26.08275713,42.41942536,424536.714977162,4696753.72696689
140,Burial Mound,3 - damaged,Looting,9636,0,26.08063675,42.41769111,424360.18151007,4696563.04498551
141,Burial Mound,3 - damaged,Looting,9637,0,26.07984916,42.41686453,424294.388382141,4696471.96467449
142,Burial Mound,4 - seriously damaged,Agriculture,9638,0,26.27787542,42.45454954,440622.720532638,4700498.92585737
143,Burial Mound,3 - damaged,Agriculture,9640,0,26.28660297,42.46006536,441345.501871614,4701105.32572176
144,Burial Mound,3 - damaged,Agriculture,9641,0,26.30666296,42.45483635,442990.070208163,4700511.03540964
145,Uncertain Mound,3 - damaged,Agriculture,9643,0,26.32316986,42.45536524,444347.831103583,4700558.80719742
146, , , ,9411,200016,26.4367338521502,42.5116175144591,453727.1017,4706736.7735
147, , , ,9416,200018,26.4277904249311,42.5206001086109,452999.1197,4707739.1148
148, , , ,9417,200019,26.4277570818198,42.5213597368383,452996.9503,4707823.482
149, , , ,9409,200020,26.4472587372539,42.5175303795087,454596.0148,4707387.6436
150, , , ,9314,200022,26.4351040739651,42.5089970919161,453591.2748,4706446.6945
151, , , ,9315,200023,26.4386763718928,42.5090908520079,453884.8248,4706455.1565
152, , , ,9415,200024,26.4284906581532,42.5020811402212,453042.7758,4705682.3939
153, , , ,9418,200025,26.4541461141878,42.5279593532813,455169.225,4708542.0055
154, , , ,9319,200026,26.4442956569844,42.5287271756453,454360.7674,4708632.5212
155, , , ,9431,200029,26.4561241068411,42.5512269475141,455348.259,4711124.5897
156, , , ,9429,200079,26.4572038784216,42.5497968645637,455435.8902,4710965.2248
157, , , ,9430,200080,26.4573321082675,42.5506227341163,455447.0054,4711056.8619
158, , , ,9427,200084,26.4799571400979,42.5425992584746,457299.0553,4710154.2866
159, , , ,9428,200085,26.4789162134927,42.541983347109,457213.1636,4710086.421
160, , , ,9325,200089,26.4883062160487,42.5403648977025,457983.105,4709902.0102
161, , , ,9326,200090,26.4924750795635,42.5404127573088,458325.457000001,4709905.2659
162, , , ,9426,200091,26.4851579929357,42.5284054876945,457716.5261,4708575.6075
163, , , ,9424,200092,26.4851733179088,42.5272576731834,457717.0106,4708448.1471
164, , , ,9425,200093,26.4859602384102,42.5272895226657,457781.6624,4708451.2914
165, , , ,9323,200094,26.4848767506126,42.5250113703385,457691.1375,4708198.8668
166, , , ,9419,200097,26.4568399106716,42.5236538629653,455387.4026,4708062.5047
167, , , ,9423,200099,26.474753656679,42.5221571658377,456857.7268,4707887.0399
168, , , ,9324,200100,26.4928403678134,42.5218979264849,458343.1502,4707849.2077
169, , , ,9400,200115,26.2775506033533,42.4452158556486,440587.1914,4699462.7558
170, , , ,9402,200116,26.289175204076,42.4338233811468,441532.589100001,4698189.6861
171, , , ,9401,200117,26.2797398670525,42.4392563383682,440761.6189,4698799.4916
172, , , ,9110,200118,26.2698515325985,42.4330518669579,439942.4164,4698117.5053
173, , , ,9404,200119,26.296244726341,42.4238458689912,442104.8992,4697076.9599
174, , , ,9407,200120,26.302669343493,42.4093013308757,442620.1702,4695457.6081
175, , , ,9406,200121,26.2968399320521,42.4132868170113,442144.158200001,4695904.1009
176, , , ,9078,200122,26.27901469438,42.3976152458893,440662.7273,4694176.2629
177, , , ,9082,200127,26.3056949877867,42.3862339820989,442848.2072,4692894.2319
178, , , ,9339,200129,26.2581874175141,42.3555814334752,438907.8976,4689523.7074
179, , , ,9072,200130,26.2526177482214,42.3563544822117,438449.9585,4689613.5605
180, , , ,9341,200131,26.2787176638373,42.3518714974969,440595.1842,4689097.2238
181, , , ,9340,200135,26.2710648550549,42.3485428461838,439961.7278,4688732.996
182, , , ,9073,200136,26.2578230555605,42.3497138561767,438872.2045,4688872.4535
183, , , ,9076,200137,26.255946682672,42.3500292735,438717.9667,4688908.8267
184, , , ,9044,200142,26.3396760043935,42.3479524962432,445612.3567,4688621.2911
185, , , ,9043,200143,26.3410152286096,42.3468264142461,445721.6937,4688495.3996
186, , , ,9024,200144,26.3538828632142,42.3415304244408,446777.0938,4687899.2214
187, , , ,9023,200145,26.355343204945,42.338972821766,446895.235500001,4687614.3224
188, , , ,9037,200147,26.3656313753964,42.3458074971591,447748.4051,4688366.847
189, , , ,9040,200148,26.3675790248128,42.3451021178553,447908.2471,4688287.3297
190, , , ,9349,200149,26.3947235053172,42.3392452443876,450139.4857,4687620.7378
191, , , ,9346,200150,26.4007453987402,42.3455147625682,450640.4538,4688313.3684
192, , , ,9344,200151,26.3972864457752,42.3529559761136,450361.4002,4689141.6257
193, , , ,9342,200152,26.3953490290744,42.3537849477305,450202.4913,4689234.8043
194, , , ,9019,200154,26.3530823006458,42.3682716390119,446733.7361,4690868.9712
195, , , ,9018,200155,26.3554279673845,42.3672192105524,446925.9897,4690750.6461
196, , , ,9020,200156,26.3562994814248,42.3685218603568,446998.8455,4690894.7443
197, , , ,9016,200157,26.3683715549628,42.3708048585865,447994.7257,4691140.7855
198, , , ,9015,200158,26.3664902605752,42.371662574553,447840.538,4691237.176
199, , , ,9017,200159,26.3641241434121,42.3699772349783,447644.3254,4691051.4959
200, , , ,9355,200160,26.3933856059732,42.3834010456248,450064.2518,4692524.4266
201, , , ,9083,200163,26.3479318104305,42.4178154699561,446351.8633,4696373.4171
202, , , ,9085,200164,26.3408297562224,42.4249032867417,445773.656,4697164.9423
203, , , ,9087,200167,26.3772707355912,42.4287682816646,448774.6149,4697571.4778
204, , , ,9086,200168,26.3695123360939,42.4330603971278,448139.9492,4698052.7742
205, , , ,9174,200172,26.4088598685028,42.4767251133642,451410.2142,4702877.9456
206, , , ,9171,200173,26.4066041749976,42.4772832099119,451225.2364,4702941.2102
207, , , ,9170,200174,26.4036200551244,42.4785486450279,450980.9406,4703083.4423
208, , , ,9175,200175,26.4021291151494,42.4850379222929,450863.4715,4703804.8661
209, , , ,9176,200176,26.4029595968493,42.4854781378249,450932.0696,4703853.2664
210, , , ,9177,200177,26.3880533433673,42.4903389148523,449710.8847,4704401.7317
211, , , ,9180,200178,26.4211777696256,42.4931179289904,452435.1286,4704691.2029
212, , , ,9179,200179,26.4220399949287,42.4924004011448,452505.4395,4704611.0462
213, , , ,9181,200181,26.4741587938928,42.4945740295428,456789.8723,4704824.5349
214, , , ,9178,200183,26.4300074881378,42.4632903507197,453138.4639,4701374.2753
215, , , ,9356,200192,26.4244844360277,42.3839247542007,452624.6711,4692564.7747
216, , , ,9301,200219,26.5818529341085,42.5544381683,465672.2654,4711422.5596
217, , , ,9222,200226,26.5661410149467,42.5137738666122,464359.2803,4706913.7014
218, , , ,9225,200227,26.5666490947217,42.5142638853943,464401.2963,4706967.8992
219, , , ,9226,200228,26.5645658690772,42.5139307460607,464229.9742,4706931.7845
220, , , ,9220,200230,26.5763617713599,42.5090478807579,465196.2761,4706384.6865
221, , , ,9259,200233,26.5314666828432,42.5070187696685,461506.6973,4706178.78
222, , , ,9258,200234,26.5394504374432,42.504471845595,462161.0841,4705892.3787
223, , , ,9257,200236,26.5393574346097,42.5039044501656,462153.1007,4705829.4172
224, , , ,9215,200237,26.603564761645,42.5086339325176,467430.9085,4706327.9149
225, , , ,9190,200238,26.6191662343458,42.5042027049959,468710.4376,4705830.0016
226, , , ,9191,200239,26.6193785647964,42.508053078173,468729.8019,4706257.4645
227, , , ,9192,200240,26.6191293357864,42.5108347264495,468710.7137,4706566.4278
228, , , ,9216,200241,26.6009377530959,42.5137302796813,467217.75,4706894.8207
229, , , ,9193,200242,26.64972114832,42.5125491683808,471224.6816,4706745.962
230, , , ,9218,200243,26.5835194343956,42.5280734574537,465794.6886,4708494.358
231, , , ,9199,200244,26.6099805541315,42.5298258413569,467968.8237,4708678.6025
232, , , ,9195,200245,26.6352212587695,42.535623844704,470044.5437,4709313.1793
233, , , ,9196,200246,26.6348126118477,42.5415106803077,470013.8026,4709966.9952
234, , , ,9300,200247,26.6187921187145,42.5561010489653,468705.6184,4711592.8992
235, , , ,9197,200248,26.612723306495,42.5535584811091,468206.122000001,4711312.8325
236, , , ,9198,200249,26.6117566437166,42.5531076219748,468126.5333,4711263.1324
237, , , ,9276,200291,26.6719241663834,42.5608326054287,473069.4105,4712100.0314
238, , , ,9274,200292,26.674078623094,42.5603075238314,473246.038099999,4712041.0437
239, , , ,9279,200296,26.6784763485528,42.5503064325604,473602.8206,4710929.145
240, , , ,9280,200298,26.6741365301631,42.5424475865854,473243.164,4710057.8629
241, , , ,9281,200299,26.6743801674512,42.5418506145915,473262.9145,4709991.4985
242, , , ,9273,200300,26.7006955134384,42.5369390382862,475421.7788,4709438.1522
243, , , ,9261,200301,26.6928919460768,42.5313564630175,474778.7204,4708820.5592
244, , , ,9264,200302,26.6957560900705,42.5316349284666,475014.0497,4708850.6315
245, , , ,9265,200303,26.6962982400923,42.5308227060584,475058.2505,4708760.2832
246, , , ,9271,200304,26.6990281622211,42.5316720190119,475282.782599999,4708853.7906
247, , , ,9272,200305,26.7000038949876,42.5284489326521,475361.647699999,4708495.6173
248, , , ,9048,200310,26.3056372890355,42.3261604983854,442788.9918,4686223.9189
249, , , ,9050,200311,26.3035221350126,42.3223407081393,442611.2443,4685801.2093
250, , , ,9049,200312,26.3041311584658,42.3240970404845,442663.022,4685995.8147
251, , , ,9338,200313,26.2565681221453,42.309283391377,438729.6171,4684384.1134
252, , , ,9337,200314,26.263459567207,42.2863388297784,439275.541,4681831.5141
253, , , ,9071,200315,26.2496612853226,42.2782977259757,438130.0612,4680948.6004
254, , , ,9070,200316,26.2825903905928,42.2443443000151,440813.5304,4677155.1918
255, , , ,9334,200317,26.3070100531532,42.2434723524072,442827.3811,4677041.7044
256, , , ,9335,200318,26.3156824467603,42.2443301424068,443543.6336,4677131.1669
257, , , ,9332,200320,26.2836937155499,42.230402832578,440891.5458,4675606.4448
258, , , ,9130,200323,26.39444172412,42.1805056392652,449990.9936,4669995.3294
259, , , ,9128,200324,26.3896111901947,42.1853699963921,449595.9345,4670538.2762
260, , , ,9131,200325,26.3843084068902,42.176448977298,449150.8975,4669550.895
261, , , ,9230,200326,26.3605584945469,42.1839430626039,447195.6534,4670397.4116
262, , , ,9228,200327,26.3595156126628,42.1935720943459,447117.5597,4671467.1999
263, , , ,9125,200328,26.3941072880646,42.2012657464028,449979.746,4672300.5862
264, , , ,9126,200329,26.3990511196461,42.2039717515582,450390.0089,4672598.1556
265, , , ,9127,200330,26.3979554249012,42.2049019206903,450300.285,4672702.0734
266, , , ,9132,200331,26.4106648346457,42.2069901894977,451351.0725,4672926.6129
267, , , ,6030,200332,26.3654934321553,42.207973669924,447623.024,4673062.5677
268, , , ,9234,200333,26.3885422181564,42.2186055942227,449534.1176,4674229.1699
269, , , ,9233,200334,26.400358587347,42.2260410261112,450515.1766,4675047.8276
270, , , ,9231,200335,26.3892590681888,42.2331825268381,449604.8773,4675847.279
271, , , ,9333,200336,26.3350526251591,42.2339163612126,445132.664,4675962.23
272, , , ,9166,200337,26.3544711962155,42.2031493396839,446709.1069,4672533.7336
273, , , ,9232,200338,26.3853520618225,42.2348352661915,449283.8138,4676033.1066
274, , , ,9235,200340,26.4064855347463,42.2440048255642,451034.6874,4677038.8819
275, , , ,9282,200341,26.3890879797932,42.2662034144958,449617.045800001,4679513.832
276, , , ,9123,200342,26.357406981819,42.2652113017071,447003.418600001,4679422.8968
277, , , ,9124,200343,26.3536361107302,42.2652854565336,446692.4847,4679433.4834
278, , , ,9119,200344,26.3525543559318,42.2661973353551,446604.0384,4679535.4111
279, , , ,9283,200345,26.3823757041729,42.274095776736,449069.8251,4680394.1501
280, , , ,9051,200346,26.3349587033225,42.283714899159,445168.076,4681491.6517
281, , , ,9052,200347,26.3389522167139,42.2825634071776,445496.3457,4681361.232
282, , , ,9291,200348,26.3923029935752,42.283428476174,449895.8407,4681424.5167
283, , , ,9292,200349,26.3961271268363,42.2877736822666,450214.5602,4681904.7437
284, , , ,9293,200350,26.3831402208661,42.2920961201764,449147.3463,4682392.3609
285, , , ,9028,200351,26.3333892319675,42.2949828955814,445048.4694,4682743.8077
286, , , ,9030,200352,26.3354244544018,42.2972677848552,445218.2225,4682996.1995
287, , , ,9351,200353,26.4072036793741,42.3297016828342,451160.1775,4686553.82
288, , , ,9027,200355,26.3332105942212,42.3296717125951,445063.9196,4686595.618
289, , , ,9026,200356,26.3328030435457,42.3300376297311,445030.6604,4686636.5112
290, , , ,9065,200358,26.4363159138382,42.309550699496,453543.8885,4684300.0429
291, , , ,9054,200359,26.441921133915,42.3131791335837,454008.4867,4684699.8834
292, , , ,9060,200360,26.4415826459639,42.31324669247,453980.6409,4684707.5678
293, , , ,9068,200362,26.4347546617333,42.3033070655078,453410.6136,4683607.6323
294, , , ,9067,200363,26.4298988448557,42.3036685575067,453010.6487,4683650.4397
295, , , ,9061,200364,26.4494932320848,42.307844674081,454628.6773,4684103.5056
296, , , ,9287,200366,26.4263468911294,42.2897729921361,452707.4895,4682109.5103
297, , , ,9064,200367,26.4841516302965,42.2891567179848,457472.566,4682010.594
298, , , ,9236,200371,26.4116571218125,42.2513229806532,451466.9581,4677848.4892
299, , , ,9240,200372,26.4135678342173,42.2516338082074,451624.8129,4677881.9152
300, , , ,9239,200373,26.4135073210598,42.2526509968024,451620.5985,4677994.8924
301, , , ,9245,200374,26.4128363608987,42.2506200166849,451563.6973,4677769.7651
302, , , ,9247,200375,26.4628791690808,42.2525038551322,455693.1595,4677951.7021
303, , , ,9165,200376,26.4747522750579,42.251296222512,456671.7425,4677811.508
304, , , ,9163,200377,26.4761962930122,42.2508334817184,456790.5456,4677759.3947
305, , , ,9229,200378,26.4844288518096,42.2473027333055,457467.2932,4677363.2193
306, , , ,9250,200379,26.4871420325014,42.2309744514753,457680.2118,4675548.8753
307, , , ,9255,200380,26.4612153014974,42.2269878562019,455537.9975,4675119.4254
308, , , ,9252,200381,26.4423301072671,42.2310418779688,453982.479,4675579.5811
309, , , ,9256,200383,26.4527049197665,42.2142855324794,454826.6418,4673713.5138
310, , , ,9135,200384,26.4395589146866,42.2065606604525,453735.9393,4672862.8424
311, , , ,9134,200385,26.4406456689357,42.1987735514602,453819.980000001,4671997.6249
312, , , ,9139,200388,26.4705681900066,42.1871948129817,456282.397,4670696.235
313, , , ,9138,200389,26.4622803516253,42.1869627042292,455597.8679,4670674.7434
314, , , ,9137,200390,26.454583939248,42.1819852909661,454958.8028,4670126.1208
315, , , ,9136,200391,26.4503621637191,42.1824981313681,454610.5286,4670185.3002
316, , , ,9133,200392,26.4173210122377,42.180242542822,451880.2481,4669952.9609
317, , , ,9140,200393,26.4572240397868,42.1752991572358,455172.1043,4669382.3502
318, , , ,9251,200394,26.4905236439836,42.2263805274229,457956.2064,4675037.1215
319, , , ,9248,200395,26.4910027799554,42.241404041655,458005.7075,4676705.0036
320, , , ,9158,200519,26.520516855868,42.2525276638544,460447.6911,4677925.9832
321, , , ,9450,200520,26.5148586245039,42.2291001346014,459966.1385,4675327.3747
322, , , ,9448,200521,26.5147819654024,42.2284694629208,459959.414,4675257.3849
323, , , ,9155,200522,26.5390870519539,42.2197993613095,461959.8894,4674283.5826
324, , , ,9152,0,26.5383146368028,42.2209486181324,461896.8312,4674411.5335
325, , , ,9446,200525,26.518233786519,42.2065296330175,460230.4977,4672819.714
326, , , ,9445,200526,26.5167802564992,42.2047868078136,460109.413,4672626.8813
327, , , ,9442,200527,26.5199986384252,42.1888286117975,460365.1256,4670853.4936
328, , , ,9141,200528,26.5475390053406,42.2109323366429,462652.2241,4673295.3106
329, , , ,9151,200529,26.5499641299434,42.218254157311,462856.6937,4674107.2177
330, , , ,9156,200531,26.5605992935707,42.2739714325722,463766.3573,4680289.1489
331, , , ,9114,200542,26.5793948317345,42.4403728556434,465407.6544,4698757.8848
332, , , ,9117,200543,26.5806800682352,42.4415505579601,465514.0037,4698888.1313
333, , , ,9113,200544,26.579243112143,42.4418618839494,465395.9957,4698923.2849
334, , , ,9112,200545,26.5781576103255,42.4421174313466,465306.8624,4698952.1033
335, , , ,9201,200550,26.5500969155498,42.4796566544637,463021.1886,4703132.2359
336, , , ,9203,200551,26.5795307945407,42.4884326139304,465445.2766,4704094.2959
337, , , ,9207,200552,26.6100888169065,42.4889199124112,467956.8282,4704136.409
338, , , ,9206,200553,26.6110498463536,42.4887646014171,468035.7273,4704118.8009
339, , , ,9183,200554,26.6241893512062,42.4943173358961,469118.2768,4704730.5012
340, , , ,9189,200555,26.62322215591,42.4949590680449,469039.1153,4704802.1109
341, , , ,9214,200556,26.6166458801618,42.4849358005254,468493.6937,4703691.5629
342, , , ,9210,200557,26.6125333351487,42.4817462268557,468154.0824,4703338.9331
343, , , ,9213,200558,26.6140644818554,42.4807442064348,468279.4215,4703227.0967
344, , , ,9208,200559,26.6080873104261,42.4823068045302,467788.9503,4703402.8573
345, , , ,9204,200560,26.595784220843,42.476911401247,466774.9115,4702808.5049
346, , , ,8004,200586,26.6242085778406,42.2902443053669,469019.6555,4682070.8991
347, , , ,6002,200587,26.6231659026162,42.2895836192563,468933.3723,4681997.9199
348, , , ,6005,200588,26.613167902986,42.2854347186071,468107.032,4681540.9442
349, , , ,6006,200589,26.6126697754543,42.2848978313543,468065.6919,4681481.5178
350, , , ,8000,200591,26.6082247496859,42.279720428606,467696.566599999,4680908.3235
351, , , ,6019,200592,26.6038905012872,42.2794681801384,467339.0597,4680881.9683
352, , , ,6010,200593,26.5996157308098,42.267952664741,466980.575400001,4679604.9978
353, , , ,6012,200594,26.6177715514052,42.2703945670102,468479.0927,4679869.2547
354, , , ,9388,200595,26.6084619231037,42.2306730615254,467691.0972,4675462.3051
355, , , ,9385,200596,26.6173314311024,42.2289417531452,468422.1286,4675266.7482
356, , , ,9387,200607,26.6296098479768,42.2333747406575,469437.4856,4675754.4834
357, , , ,9452,200608,26.6344838810859,42.2326039771256,469839.297,4675667.1667
358, , , ,9382,200609,26.6342804956631,42.2303024688642,469821.4182,4675411.694
359, , , ,9359,200610,26.6273589921749,42.2487438835885,469259.2186,4677461.7867
360, , , ,9360,200611,26.6320291083345,42.2512440241735,469645.6761,4677737.713
361, , , ,8063,200612,26.6459311962521,42.2614995843867,470797.2081,4678871.5706
362, , , ,8062,200613,26.6474760706616,42.2673794441355,470927.3276,4679523.9077
363, , , ,8051,200614,26.6640917404493,42.2743087909213,472300.6587,4680287.7658
364, , , ,8009,200615,26.6478105632872,42.2773646633812,470959.497499999,4680632.4959
365, , , ,8007,200617,26.6298597987179,42.2820505268331,469481.5897,4681159.0652
366, , , ,6009,200618,26.6349728455471,42.2811593920254,469902.7417,4681058.2988
367, , , ,7004,200619,26.6337823552181,42.2811090561951,469804.5591,4681053.1312
368, , , ,7005,200620,26.647633660705,42.2922428440434,470951.7463,4682284.5489
369, , , ,6003,200621,26.6274986484953,42.2913815722912,469291.4426,4682195.9834
370, , , ,9188,200638,26.6268868979117,42.4966593659781,469341.0883,4704989.5785
371, , , ,8017,200653,26.7072111008115,42.3171310512358,475872.6801,4685029.4015
372, , , ,7011,200654,26.6942634148297,42.3066468246353,474801.5412,4683869.0366
373, , , ,7012,200655,26.6937274428582,42.3072736775884,474757.6174,4683938.798
374, , , ,6016,200656,26.7055340705287,42.3031393175486,475729.1093,4683476.3059
375, , , ,7007,200657,26.6704962186426,42.2987029125116,472839.26,4682994.2943
376, , , ,6015,200659,26.7035733484927,42.3001208312587,475566.3327,4683141.7096
377, , , ,6025,200660,26.6912305606899,42.2921771177102,474545.7495,4682263.2975
378, , , ,8058,200661,26.6742600689502,42.2743744027815,473139.1783,4680291.7942
379, , , ,8059,200662,26.6737629550648,42.2735260806912,473097.825,4680197.7582
380, , , ,8057,200663,26.680478463136,42.2712478643893,473650.6512,4679942.6988
381, , , ,8060,200664,26.6721697957836,42.2687462889015,472964.4071,4679667.5418
382, , , ,8061,200665,26.6727697790192,42.2689264904961,473013.9636,4679687.3601
383, , , ,9378,200666,26.6776689573053,42.2493060668023,473409.7477,4677507.2844
384, , , ,9367,200667,26.7057053355486,42.2174101097809,475710.3449,4673957.3958
385, , , ,9365,200669,26.6892978637331,42.1950706286504,474347.1141,4671481.7799
386, , , ,9369,200679,26.7095711323777,42.2205996813559,476030.6156,4674310.4503
387, , , ,9370,200680,26.7093142407858,42.225548477028,476011.2875,4674860.0038
388, , , ,9371,200681,26.7093512409709,42.2263662924259,476014.6505,4674950.7982
389, , , ,9368,200682,26.7064868883226,42.2183367426552,475775.204699999,4674060.0605
390, , , ,9372,200686,26.7228259983357,42.2486112172902,477134.6673,4677417.029
391, , , ,9375,200687,26.7296583248349,42.2620708066792,477703.0388,4678909.6895
392, , , ,9374,200688,26.7176931864477,42.2613703316515,476715.932,4678835.1137
393, , , ,8047,200689,26.7339590133626,42.2862706848826,478066.1396,4681595.5893
394, , , ,8044,200690,26.7352470483734,42.286930392813,478172.56,4681668.5087
395, , , ,8036,200691,26.7191441897093,42.2849977728873,476844.2582,4681458.1743
396, , , ,8041,200692,26.7082381963549,42.2850636387464,475945.1152,4681468.5108
397, , , ,8039,200693,26.7127416010274,42.29103979295,476318.6462,4682130.8083
398, , , ,8043,200695,26.7231632930662,42.2902590340504,477177.520999999,4682041.2711
399, , , ,6017,200696,26.7082375137038,42.3055721863056,475952.8624,4683745.672
400, , , ,8049,200697,26.7342207516106,42.2953022077734,478090.8489,4682598.3336
401, , , ,6022,200698,26.7194861679578,42.3138638022994,476883.0142,4684663.2151
402, , , ,7016,200699,26.718503497344,42.3148666458877,476802.4011,4684774.8333
403, , , ,8055,200700,26.7139549275944,42.3168262294627,476428.292999999,4684993.6657
404, , , ,9316,200881,26.4347428894661,42.5109136094073,453563.0205,4706659.7009
405, , , ,9194,200882,26.6431664076973,42.513841388182,470686.8146,4706891.6942
406, , , ,9202,200888,26.5666877078304,42.4858736858839,464388.3613,4703815.4678
407, , , ,9200,200889,26.5496816070968,42.4790686483422,462986.7066,4703067.1257
408, , , ,9348,200896,26.3955579591214,42.3382670471263,450207.4535,4687511.6339
409, , , ,7013,200936,26.6919241983013,42.3069303080791,474608.8594,4683901.2083
410, , , ,9286,200939,26.387211984065,42.27648878668,449470.5448,4680656.9769
411, , , ,9161,200897,26.5201333923612,42.2608403312348,460421.2577,4678849.1518
412, , , ,9358,200899,26.6114148710327,42.2596785821071,467949.4536,4678681.7852
413, , , ,8064,200901,26.6463979323148,42.2624331195419,470836.1337,4678975.065
414, , , ,9361,200902,26.6617174504895,42.2622606586045,472099.5596,4678950.7853
415, , , ,8065,200903,26.6730188788101,42.2667015080508,473033.5581,4679440.232
416, , , ,9377,200911,26.6740732467717,42.2457723480689,473111.6236,4677116.0503
417, , , ,9162,200913,26.516222853273,42.2407496972051,460086.0563,4676620.2302
418, , , ,9069,200914,26.2925237060469,42.2330625406408,441622.6373,4675895.6782
419, , , ,9009,0,26.3686399516736,42.351359162576,448000.7921,4688981.4393
420, , , ,9010,0,26.3681253239637,42.3542228269041,447960.7694,4689299.7249
421, , , ,9011,0,26.3636066554209,42.3511458021484,447586.0678,4688960.8383
422, , , ,9012,0,26.3615096463844,42.3513546957894,447413.5297,4688985.3276
423, , , ,9013,0,26.3593097961058,42.3515775014013,447232.5343,4689011.4297
424, , , ,9014,0,26.3592383924165,42.3518413780212,447226.8742,4689040.7739
425, , , ,9021,0,26.3500529678665,42.3441525716869,446463.8355,4688192.7781
426, , , ,9022,0,26.3492973787594,42.3442337537204,446401.6663,4688202.2681
427, , , ,9025,0,26.3326753747487,42.3305206677902,445020.5626,4686690.2283
428, , , ,9029,0,26.3334614618729,42.2955865559539,445054.9484,4682810.7887
429, , , ,9038,0,26.3658680044253,42.3454946257191,447767.636800001,4688331.9616
430, , , ,9039,0,26.3669457288535,42.3451734193717,447856.142,4688295.6348
431, , , ,9041,0,26.3697538831169,42.3432109403199,448085.8323,4688076.0109
432, , , ,9042,0,26.3688625996104,42.3430086389848,448012.2492,4688054.0925
433, , , ,9045,0,26.3400629321713,42.3477887548159,445644.0851,4688602.8625
434, , , ,9046,0,26.3402134469027,42.3477105730206,445656.415,4688594.0853
435, , , ,9047,0,26.339922305497,42.3478513101793,445632.5562,4688609.8983
436, , , ,9053,0,26.3271472594479,42.2759024731951,444517.1746,4680629.2581
437, , , ,9056,0,26.4417514646397,42.313505586994,453994.7419,4684736.223
438, , , ,9057,0,26.4420877232249,42.3136247679401,454022.5398,4684749.2746
439, , , ,9055,0,26.4423945753117,42.313273265979,454047.5718,4684710.0797
440, , , ,9058,0,26.4417201141382,42.3138410046724,453992.4026,4684773.4832
441, , , ,9059,0,26.4425906978801,42.3136939566245,454064.040300001,4684756.6854
442, , , ,9062,0,26.4826318500102,42.290067620889,457347.8869,4682112.4962
443, , , ,9063,0,26.4826116458303,42.2895972533594,457345.9039,4682060.2791
444, , , ,9066,0,26.4275081326469,42.3010542297205,452811.6466,4683361.4796
445, , , ,9074,0,26.2580230885419,42.3495556357601,438888.526600001,4688854.7415
446, , , ,9075,0,26.2580453485002,42.3498791598864,438890.6734,4688890.6485
447, , , ,9079,200925,26.2666877461356,42.3952141741058,439645.9104,4693918.3361
448, , , ,9080,0,26.2668156850384,42.3947691542331,439656.0139,4693868.8314
449, , , ,9081,0,26.2640344931889,42.3938191811772,439426.196,4693765.3277
450, , , ,9084,0,26.3437746726242,42.4220269466222,446013.4514,4696843.6838
451, , , ,9088,201540,26.223709436984,42.2474688341631,435958.9696,4677544.6956
452, , , ,9111,0,26.455841061407,42.326012750709,455164.7491,4686117.4427
453, , , ,9115,0,26.5797707454511,42.4407524483094,465438.7798,4698799.8808
454, , , ,9116,0,26.5803161968701,42.4412146111196,465483.8935,4698850.9764
455, , , ,9118,0,26.5809197972334,42.4411480896724,465533.499099999,4698843.3448
456, , , ,9142,0,26.5477098414407,42.2112643785254,462666.521099999,4673332.1035
457, , , ,9144,0,26.548551035262,42.2178034503406,462739.8,4674057.7907
458, , , ,9143,0,26.5479196245451,42.2149728838942,462686.0203,4673743.7794
459, , , ,9145,0,26.5485385242638,42.2181796967858,462738.9886,4674099.5721
460, , , ,9146,0,26.5484957687723,42.2196257062586,462736.31,4674260.1462
461, , , ,9147,0,26.5492582701978,42.2197747114838,462799.3286,4674276.3578
462, , , ,9148,0,26.5497844638644,42.2195903863958,462842.6485,4674255.6621
463, , , ,9149,0,26.5506155226888,42.2198918391203,462911.4143,4674288.7716
464, , , ,9150,0,26.5503232652494,42.2188322704144,462886.6732,4674171.2512
465, , , ,9153,200523,26.5497667205416,42.217336427208,462839.8626,4674005.405
466, , , ,9154,0,26.5381525862614,42.22207081236,461884.132,4674536.2071
467, , , ,9205,0,26.6114715835102,42.4880921831434,468070.0441,4704043.9777
468, , , ,9209,0,26.6091358209769,42.481869493626,467874.9031,4703353.9014
469, , , ,9211,0,26.6130149142389,42.4815859522925,468193.5823,4703320.9558
470, , , ,9212,0,26.6129553020898,42.4822347019163,468189.0114,4703393.0143
471, , , ,9217,0,26.6036103320705,42.513057625408,467436.948699999,4706819.0999
472, , , ,9223,0,26.5660788282996,42.513902722612,464354.245,4706928.0356
473, , , ,9224,0,26.5666913826714,42.5141129472003,464404.684500001,4706951.1214
474, , , ,9227,0,26.5530333015245,42.5123272871927,463281.657,4706758.6678
475, , , ,9182,0,26.6233127383494,42.4945062219048,469046.3354,4704751.7944
476, , , ,9185,0,26.6285606014978,42.4950641650678,469477.8419,4704811.8458
477, , , ,9184,0,26.624636512223,42.4941690111269,469154.9488,4704713.8687
478, , , ,9186,0,26.6280177287431,42.496036339671,469433.706,4704919.9903
479, , , ,9187,0,26.6274924805102,42.4964050621833,469390.7254,4704961.1222
480, , , ,9322,200929,26.4133125246816,42.5378798464895,451823.1931,4709665.9795
481, , , ,9321,200930,26.4190616337464,42.5351439903706,452293.2096,4709358.9383
482, , , ,9237,0,26.4136513999786,42.2520895055236,451632.0545,4677932.4658
483, , , ,9238,0,26.4134610080593,42.2524537524249,451616.627399999,4677973.0178
484, , , ,9241,0,26.4134191872059,42.2513566272008,451612.339,4677851.223
485, , , ,9242,0,26.4135551269399,42.2513298686839,451623.5324,4677848.1747
486, , , ,9243,0,26.4131502888427,42.2511422715221,451589.9933,4677827.5749
487, , , ,9244,0,26.4133905467266,42.2509362799379,451609.6551,4677804.5663
488, , , ,9246,0,26.4132961799139,42.2501747332569,451601.2884,4677720.0621
489, , , ,9160,0,26.5197756679833,42.2528420481293,460386.7475,4677961.2349
490, , , ,9159,0,26.519156917628,42.252157935639,460335.2786,4677885.5629
491, , , ,9157,0,26.560324485249,42.2737440127673,463743.5658,4680264.0144
492, , , ,9164,0,26.4756346536635,42.2510335583677,456744.3516,4677781.895
493, , , ,9219,0,26.5809671616311,42.5087514682432,465574.4669,4706349.8931
494, , , ,9249,0,26.4900942345369,42.2409845054246,457930.47,4676658.8689
495, , , ,9253,0,26.4420794865804,42.2311871262274,453961.9039,4675595.8439
496, , , ,9254,0,26.4427074604157,42.2310462418699,454013.6205,4675579.862
497, , , ,9403,0,26.2925107286969,42.4263633318942,441800.0456,4697359.0459
498, , , ,9405,0,26.3112676780544,42.4159526522263,443333.675099999,4696190.383
499, , , ,9413,200021,26.4378416482414,42.51492111139,453820.5408,4707102.9986
500, , , ,9412,0,26.4361105356871,42.5115119475987,453675.8175,4706725.3918
501, , , ,9317,0,26.4374027202047,42.5142843291401,453784.015,4707032.5299
502, , , ,9318,0,26.4308825554874,42.5214566109768,453253.7443,4707832.5106
503, , , ,9410,0,26.4377991964798,42.5125036033369,453815.2735,4706834.5833
504, , , ,9260,0,26.5295957311471,42.5067822868223,461352.8395,4706153.3722
505, , , ,9262,0,26.6948032102151,42.532412164373,474936.1054,4708937.2166
506, , , ,9263,0,26.6956105237657,42.5323390823759,475002.3759,4708928.8632
507, , , ,9266,0,26.6979704013137,42.5326964324961,475196.3196,4708967.8498
508, , , ,9267,0,26.6983180270531,42.532683247753,475224.8626,4708966.2841
509, , , ,9268,0,26.6985604623899,42.5322856475626,475244.6152,4708922.064
510, , , ,9269,0,26.6990070554494,42.5324593954024,475281.3597,4708941.2265
511, , , ,9270,0,26.6989304514793,42.5319366288802,475274.8625,4708883.2012
512, , , ,9275,0,26.6731143073153,42.5606193711028,473167.0137,4712075.9762
513, , , ,9277,0,26.6730642735484,42.559977942652,473162.6317,4712004.7679
514, , , ,9278,0,26.6749056154717,42.5602436400989,473313.8964,4712033.6892
515, , , ,9284,0,26.3830345411109,42.2743443983626,449124.353900001,4680421.362
516, , , ,9285,0,26.3851948679443,42.2755225898403,449303.4418,4680550.8941
517, , , ,9288,0,26.4274088857716,42.2872029717791,452793.1227,4681823.5588
518, , , ,9289,0,26.3677860215141,42.2708050271837,447864.0224,4680037.5896
519, , , ,9290,0,26.3679108327529,42.2711537169404,447874.6024,4680076.2299
520, , , ,9414,0,26.4381043304482,42.5151492057564,453842.2872,4707128.183
521, , , ,9420,200098,26.4657896326018,42.5251798003099,456123.5601,4708227.2726
522, , , ,9421,0,26.4664098397242,42.5255113323502,456174.731599999,4708263.7649
523, , , ,9422,0,26.4659538126794,42.5256975653951,456137.407,4708284.68
524, , , ,9327,0,26.4827233481608,42.5443026074411,457527.345,4710342.0359
525, , , ,9336,0,26.3153174875781,42.2439671274122,443513.200400001,4677091.1016
526, , , ,9343,0,26.396235301665,42.3528987401247,450274.7841,4689135.8845
527, , , ,9345,0,26.398431819946,42.345856752918,450450.1563,4688352.6869
528, , , ,9347,0,26.3964327796385,42.3376026021692,450278.996,4687437.3449
529, , , ,9350,0,26.4035007190377,42.3305898179642,450855.7851,4686654.5671
530, , , ,9352,0,26.4170454769014,42.3259280397504,451968.164,4686129.208
531, , , ,9353,0,26.4167296767412,42.3260954983029,451942.2714,4686147.9802
532, , , ,9354,0,26.4168084277956,42.3256499180953,451948.420900001,4686098.4604
533, , , ,9120,0,26.3533016002202,42.2664764959992,446665.9005,4679565.9395
534, , , ,9121,0,26.3537007845419,42.2662649500298,446698.6437,4679542.2007
535, , , ,9122,0,26.3545013672382,42.2667914162569,446765.1123,4679600.1561
536, , , ,9129,0,26.5476858888013,42.2141193682901,462666.2254,4673649.113
537, , , ,9167,0,26.4816596925066,42.4479735553036,457374.6385,4699646.2977
538, , , ,9168,0,26.402730680858,42.4800922630429,450909.0455,4703255.3579
539, , , ,9169,0,26.4029212619445,42.4795669063091,450924.2993,4703196.9127
540, , , ,9172,0,26.4078545544748,42.476374506273,451327.3087,4702839.5909
541, , , ,9173,0,26.4081589796812,42.4768195566994,451352.6764,4702888.8341
542, , , ,9357,0,26.6134173192376,42.2637412243281,468116.6629,4679132.126
543, , , ,9362,0,26.6608894037388,42.261959436714,472031.1318,4678917.6109
544, , , ,9363,0,26.6741342101427,42.2740906158477,473128.6793,4680260.3238
545, , , ,9364,0,26.673577926849,42.2731280303433,473082.397800001,4680153.6194
546, , , ,9453,0,26.6739673130098,42.2738291466064,473114.8056,4680231.3444
547, , , ,9366,0,26.692746321498,42.2101098671634,474637.8491,4673150.5996
548, , , ,9373,0,26.7245465367247,42.2472552006097,477276.1157,4677266.0051
549, , , ,9376,0,26.7300323556094,42.2623429521911,477733.9835,4678939.8091
550, , , ,9380,0,26.6393927670265,42.2316814067959,470243.9228,4675563.0052
551, , , ,9381,0,26.6391419449446,42.2320211879437,470223.3855,4675600.8199
552, , , ,9379,0,26.6613266177753,42.234600180709,472055.119,4675879.6635
553, , , ,9383,0,26.6358941349177,42.2304288207296,469954.6332,4675425.1533
554, , , ,9384,0,26.6315424663707,42.2294186707369,469595.056,4675314.5357
555, , , ,9386,0,26.6276129633438,42.2294848660784,469270.826899999,4675323.2946
556, , , ,9389,0,26.6073603816775,42.2318150330939,467600.7842,4675589.5204
557, , , ,9390,0,26.6076062452038,42.2323047299958,467621.3223,4675643.7998
558, , , ,9391,0,26.6067300312936,42.2331208917766,467549.4388,4675734.7544
559, , , ,9392,0,26.6083803162045,42.2336286057401,467685.8708,4675790.5008
560, , , ,9443,0,26.5194495546609,42.1902555980734,460320.6788,4671012.1913
561, , , ,9444,0,26.5194638723961,42.1906872632891,460322.131,4671060.1137
562, , , ,9447,0,26.5175709074288,42.2061769501572,460175.5558,4672780.8638
563, , , ,9449,0,26.514731349866,42.2287269498684,459955.3999,4675285.9984
564, , , ,9451,0,26.5121092824764,42.2388385993754,459745.4514,4676409.9682
565, , , ,6000,0,26.6223473827177,42.2882799388422,468865.2505,4681853.4651
566, , , ,6001,0,26.623113069039,42.2891643901758,468928.8106,4681951.3902
567, , , ,6004,0,26.6122067189663,42.2849810643638,468027.556200001,4681490.9333
568, , , ,6011,0,26.613517169067,42.2637989764738,468124.9271,4679138.5011
569, , , ,6013,0,26.6086812766329,42.2525571581146,467720.3545,4677892.0964
570, , , ,6020,0,26.6031382575003,42.2781362326448,467276.3447,4680734.3649
571, , , ,6023,0,26.6908936508644,42.2941041911333,474518.7522,4682477.3703
572, , , ,6024,0,26.6925831775189,42.2935932973879,474657.824,4682420.1391
573, , , ,7001,0,26.6074644893496,42.2789792605349,467633.5007,4680826.3169
574, , , ,7002,0,26.6227162743365,42.2884307405114,468895.7372,4681870.0745
575, , , ,7003,0,26.6236993050503,42.2899984172318,468977.550200001,4682043.7824
576, , , ,7006,0,26.6598655524175,42.2935384957241,471960.6906,4682424.3106
577, , , ,7010,0,26.6914734639557,42.3066109550776,474571.582,4683865.8835
578, , , ,7014,0,26.6908843574183,42.3070277458298,474523.1965,4683912.338
579, , , ,7015,0,26.602772455204,42.2778654365167,467246.0418,4680704.4378
580, , , ,7017,0,26.7189517369904,42.3136742153907,476838.9025,4684642.3096
581, , , ,7018,0,26.712149233069,42.3134987809881,476278.244,4684624.7038
582, , , ,7021,0,26.6841041294693,42.3116430266202,473966.282599999,4684426.8474
583, , , ,7022,0,26.6815954291208,42.3097186263398,473758.7352,4684213.9419
584, , , ,8006,0,26.644373332457,42.2989690041498,470686.0917,4683032.5042
585, , , ,8008,0,26.6477373426855,42.2776413408619,470953.587,4680663.2416
586, , , ,8010,0,26.6551599506372,42.2784540884287,471565.9968,4680750.9798
587, , , ,8013,0,26.6584255973773,42.3043920915531,471846.8216,4683629.9132
588, , , ,8014,0,26.6590667633705,42.3044320785296,471899.6855,4683634.1413
589, , , ,8015,0,26.6594581991675,42.3047590507009,471932.0936,4683670.3175
590, , , ,8033,0,26.6841037386841,42.2682459339071,473948.3738,4679608.2666
591, , , ,8034,0,26.6021854687835,42.280080183466,467198.7896,4680950.5771
592, , , ,8035,0,26.6015859178812,42.2806955793222,467149.6741,4681019.1384
593, , , ,8022,0,26.608739999717,42.3051500014437,467752.0261,4683731.6953
594, , , ,8024,0,26.6085966660576,42.3054183346834,467740.3494,4683761.544
595, , , ,8023,0,26.6082849995379,42.305148334659,467714.5237,4683731.6827
596, , , ,8025,0,26.6079950003221,42.3045550017757,467690.3183,4683665.912
597, , , ,8026,0,26.6073616669109,42.3045250014999,467638.1025,4683662.8215
598, , , ,8027,0,26.6062066667329,42.3032400018692,467542.2453,4683520.5813
599, , , ,8028,0,26.6086033334011,42.3062883350381,467741.3431,4683858.142
600, , , ,8029,0,26.6086066669398,42.3088066686504,467742.9036,4684137.7641
601, , , ,8021,0,26.6083725806922,42.3046859113289,467721.506,4683680.3043
602, , , ,8037,0,26.7214700001779,42.285523334763,477036.2055,4681515.9
603, , , ,8038,0,26.7173266664999,42.2864666679917,476694.95,4681621.7682
604, , , ,8030,0,26.6113916672534,42.2597266679515,467947.5641,4678687.1331
605, , , ,8031,0,26.6124166663522,42.2613900020599,468032.9464,4678871.4349
606, , , ,8032,0,26.6127733336502,42.2621800017137,468062.7623,4678959.0181
607, , , ,8045,0,26.7346550004585,42.2868516684027,478123.7216,4681659.9195
608, , , ,8046,0,26.7343416667793,42.2867850013669,478097.8658,4681652.5977
609, , , ,8048,0,26.733165402521,42.2950973969221,478003.7813,4682575.8646
610, , , ,8106,0,26.2478320605424,42.409707719859,438108.2627,4695541.2289
611, , , ,8107,0,26.189618000322,42.3880455000612,433295.1803,4693179.962
612, , , ,8110,0,26.1860210300069,42.398691790231,433010.4254,4694364.9294
613, , , ,8117,0,26.1914858197289,42.3811527897964,433441.6459,4692413.1493
614, , , ,8129,0,26.6588850805441,42.4272552196297,471939.4249,4697272.0094
615, , , ,8130,0,26.6591743503402,42.4270414702461,471963.1254,4697248.1797
616, , , ,8131,0,26.6634540202595,42.4298319095977,472316.4063,4697556.6187
617, , , ,8132,0,26.6636841703399,42.4318798700417,472336.2386,4697783.9439
618, , , ,8133,0,26.6553268006006,42.4231317903885,471644.8575,4696815.3368
619, , , ,8134,0,26.6480016905703,42.4331409002395,471046.8504,4697929.1935
620, , , ,8135,0,26.6504295905509,42.4337339998116,471246.825400001,4697994.2248
621, , , ,8136,0,26.6442846695146,42.4318422396459,470740.5074,4697786.2676
622, , , ,8137,0,26.641950439955,42.4129250297289,470539.6492,4695686.5594
623, , , ,8138,0,26.6091548699282,42.4233605200733,467846.5548,4696857.1817
624, , , ,8139,0,26.6047721100261,42.4238949796241,467486.2763,4696918.1952
625, , , ,8140,0,26.5953039603364,42.4378057297092,466714.731700001,4698466.4779
626, , , ,8142,0,26.6006450005387,42.4430479996283,467156.7579,4699046.4873
627, , , ,8143,0,26.6021839794865,42.4475194700485,467285.6514,4699542.3951
628, , , ,8145,0,26.7214796302124,42.5965277999502,477150.2835,4716049.0687
629, , , ,8146,0,26.7190010996306,42.5969983595777,476947.119,4716101.9919
630, , , ,8147,0,26.7374189899257,42.5936337996803,478456.947200001,4715723.5381
631, , , ,8148,0,26.7313248204918,42.5946352296778,477957.3131,4715836.3062
632, , , ,8149,0,26.7067889698123,42.5653220696858,475933.0673,4712588.046
633, , , ,8150,0,26.7057425898286,42.5577906895587,475844.2747,4711752.0602
634, , , ,8151,0,26.7156217398524,42.5683864603444,476659.2092,4712925.844
635, , , ,8152,0,26.7294438397879,42.5704277396028,477794.4045,4713148.7912
636, , , ,8153,0,26.6962037596231,42.5765862000301,475068.7129,4713841.8779
637, , , ,8154,0,26.668528189874,42.5958569103438,472805.8698,4715990.2243
638, , , ,8155,0,26.6897996994908,42.6125576396459,474557.794200001,4717838.0715
639, , , ,8156,0,26.697733159431,42.6112034295901,475207.9492,4717685.3442
640, , , ,8157,0,26.6957128902042,42.3732867697093,474947.4732,4691268.0152
641, , , ,8158,0,26.7634167899898,42.4082929403951,480532.4859,4695137.247
642, , , ,8159,0,26.7353624404581,42.3704752600288,478210.9254,4690944.9128
643, , , ,8160,0,26.7172042403066,42.3760031701321,476717.900999999,4691563.5245
644, , , ,8161,0,26.7205366200861,42.374497170215,476991.7007,4691395.3966
645, , , ,8162,0,26.7127481399049,42.3693061497762,476348.5249,4690821.1427
646, , , ,8163,0,26.7018263103927,42.3596146896372,475445.4791,4689748.1371
647, , , ,8165,0,26.7077687004926,42.3526884096023,475932.1909,4688977.3725
648, , , ,8167,0,26.6937140200528,42.3526575199356,474774.6514,4688978.0157
649, , , ,8168,0,26.6943606198032,42.3531887103468,474828.1166,4689036.8053
650, , , ,8169,0,26.6952927597713,42.3536083402934,474905.052899999,4689083.1238
651, , , ,8170,0,26.6911020798256,42.3429546998702,474555.6222,4687901.4337
652, , , ,8172,0,26.2679567695375,42.3342726504255,439692.094600001,4687150.6844
653, , , ,8173,0,26.2835802904574,42.3024228302234,440949.4409,4683603.2547
654, , , ,8174,0,26.218965809745,42.3058741697495,435627.1085,4684033.3212
655, , , ,8175,0,26.2192238694483,42.3059646696995,435648.4701,4684043.1748
656, , , ,8176,0,26.2189265096863,42.3063858298005,435624.3907,4684090.1635
657, , , ,8177,0,26.2188656196156,42.3067987402922,435619.7929,4684136.0574
658, , , ,8178,0,26.2184736702854,42.3072041398197,435587.902,4684181.3678
659, , , ,8188,0,26.7024950994825,42.4258757596049,475526.3107,4697105.3496
660, , , ,8189,0,26.7028678801023,42.4254004899266,475556.7922,4697052.4696
661, , , ,8190,0,26.7025867997297,42.4249400198097,475533.4904,4697001.4212
662, , , ,8191,0,26.7024779699102,42.4245305503691,475524.3783,4696955.9862
663, , , ,8193,0,26.6957490395002,42.4077224500146,474964.1382,4695091.6249
664, , , ,8194,0,26.6948659598693,42.3954533599514,474886.5799,4693729.565
665, , , ,8195,0,26.6956340095471,42.3960747203265,474950.0398,4693798.3321
666, , , ,8196,0,26.7079380504236,42.3917071500994,475961.0223,4693309.818
667, , , ,8197,0,26.7220585399375,42.3928475702654,477123.6638,4693432.5487
668, , , ,8198,0,26.7140703600106,42.3973453402141,476467.8661,4693934.1473
669, , , ,8199,0,26.7135117699953,42.3979339100517,476422.1142,4693999.655
670, , , ,8200,0,26.5822186502089,42.2742193300848,465549.2601,4680307.7033
671, , , ,8201,0,26.6023189901711,42.2799757899917,467209.744800001,4680938.9344
672, , , ,8202,0,26.6016766603978,42.2805962597847,467157.1045,4681008.0755
673, , , ,8203,0,26.6100493198592,42.2812890102256,467847.8074,4681081.7998
674, , , ,8204,0,26.5751202695908,42.3341879000072,464997.1531,4686969.2123
675, , , ,8205,0,26.5843880702435,42.3380465601476,465762.7563,4687393.8897
676, , , ,8206,0,26.6128091201522,42.3651922899652,468117.7489,4690396.9936
677, , , ,8207,0,26.5892162898567,42.3648798901141,466174.8865,4690371.4221
678, , , ,8208,0,26.5564361499187,42.3688026799072,463477.9429,4690820.5551
679, , , ,8209,0,26.5259156299489,42.3573599299829,460957.8621,4689563.5568
680, , , ,8210,0,26.5246730598904,42.3661246303337,460860.9731,4690537.3274
681, , , ,8211,0,26.262939899812,42.3851943499685,439327.7988,4692808.4308
682, , , ,8212,0,26.3063625099647,42.3464697698593,442867.1328,4688478.495
683, , , ,8213,0,26.3223657894045,42.3379516902897,444177.7466,4687522.0536
684, , , ,8214,0,26.3337823995496,42.3486911201667,445127.5698,4688707.0908
685, , , ,8215,0,26.3333239794376,42.3489626496009,445090.0486,4688737.5363
686, , , ,8217,0,26.3315357399332,42.3471654397635,444941.1934,4688539.1368
687, , , ,8219,0,26.3265683295556,42.3935250003194,444572.8214,4693689.9801
688, , , ,8220,0,26.3270716704058,42.3937583300993,444614.4545,4693715.5602
689, , , ,8221,0,26.3950949997313,42.4356449995557,450246.2741,4698324.4555
690, , , ,8222,0,26.3999383295451,42.4238949999447,450635.4223,4697016.9352
691, , , ,8223,0,26.3928966704321,42.4124033299763,450047.0119,4695745.0453
692, , , ,8224,0,26.4324683304038,42.4034316700298,453296.3576,4694726.3449
693, , , ,8225,0,26.456979999772,42.4272783301335,455330.4189,4697361.0325
694, , , ,8226,0,26.4212766699535,42.4436350002068,452405.7832,4699196.639
695, , , ,8304,0,26.2481685195474,42.4060758302896,438132.3792,4695137.7073
696, , , ,8305,0,26.2469634799234,42.4029763300961,438030.1664,4694794.4245
697, , , ,8306,0,26.2473584198025,42.4024673401158,438062.1668,4694737.6195
698, , , ,8307,0,26.2453233694331,42.3907735100825,437883.1613,4693440.652
699, , , ,8309,0,26.2417104105713,42.3918814998388,437586.8777,4693566.3275
700, , , ,8316,0,26.2361990999334,42.3819012501749,437123.292,4692462.2102
701, , , ,8317,0,26.2320527502712,42.3846109396266,436784.6778,4692766.1623
702, , , ,8319,0,26.2310608005603,42.3903066999828,436708.745,4693399.3425
703, , , ,8321,0,26.2273575901635,42.3926699200715,436406.3185,4693664.513
704, , , ,8323,0,26.2172458198407,42.3843471195916,435565.5349,4692747.988
705, , , ,8324,0,26.2063386002302,42.3834156998828,434666.7074,4692652.8925
706, , , ,8325,0,26.2404571402817,42.3473735496305,437439.57,4688625.2218
707, , , ,8327,0,26.2433446499145,42.3509414002275,437680.9282,4689019.2637
708, , , ,8328,0,26.2433982101964,42.351544519855,437685.9353,4689086.1928
709, , , ,8329,0,26.2420278797162,42.3511042101489,437572.6379,4689038.3073
710, , , ,8330,0,26.2430031204518,42.3505258000538,437652.3885,4688973.3672
711, , , ,8331,0,26.2465851998779,42.3519556904441,437948.8231,4689129.5175
712, , , ,8332,0,26.246322430561,42.3522547399383,437927.4756,4689162.9147
713, , , ,8333,0,26.2465887105348,42.3524203296855,437949.5693,4689181.1069
714, , , ,8334,0,26.2467931994952,42.3525030400968,437966.4923,4689190.1416
715, , , ,8335,0,26.2478236499941,42.353957339996,438052.788099999,4689350.871
716, , , ,8336,0,26.2485617698873,42.354267090191,438113.8819,4689384.7272
717, , , ,8345,0,26.5707227504416,42.5141703498379,464735.885,4706955.8107
718, , , ,8346,0,26.5666378304966,42.5141356699613,464400.2982,4706953.667
719, , , ,8347,0,26.5665937300822,42.5143122904231,464396.7757,4706973.2973
720, , , ,8348,0,26.5659988394625,42.5140041199128,464347.7317,4706939.3283
721, , , ,8349,0,26.5661337495526,42.5138198697314,464358.7096,4706918.8126
722, , , ,8350,0,26.5645498096288,42.5140242997925,464228.7083,4706942.1794
723, , , ,8351,0,26.5531039305204,42.5124026595979,463287.5033,4706767.0065
724, , , ,8352,0,26.5394937897049,42.5045208603092,462164.6755,4705897.8019
725, , , ,8353,0,26.5393847097052,42.5039433200591,462155.3651,4705833.7211
726, , , ,8354,0,26.5546110105164,42.5070337501273,463408.1786,4706170.1964
727, , , ,8355,0,26.5545036303721,42.5073341495772,463399.5318,4706203.5988
728, , , ,8356,0,26.5551262705491,42.5071733202037,463450.5922,4706185.4719
729, , , ,8357,0,26.5763443700091,42.509099790056,465194.8753,4706390.4576
730, , , ,8358,0,26.5629191500272,42.5088988701649,464091.8191,4706373.7457
731, , , ,8360,0,26.7404865304383,42.6405089102273,478724.582,4720927.8185
732, , , ,8361,0,26.7378313905317,42.6394308403019,478506.5373,4720808.7794
733, , , ,8362,0,26.7282689598274,42.6408911900447,477723.0976,4720973.4129
734, , , ,8363,0,26.7273721900825,42.6420417896389,477649.9909,4721101.4137
735, , , ,8364,0,26.7359233694502,42.6425537004004,478351.1939,4721156.0328
736, , , ,8365,0,26.736600959576,42.6426839203809,478406.7873,4721170.3194
737, , , ,8366,0,26.7373359795233,42.6430466902634,478467.1687,4721210.4145
738, , , ,8367,0,26.7375914295657,42.6438226995739,478488.377500001,4721296.5187
739, , , ,8368,0,26.7376607895621,42.6425998800009,478493.6423,4721160.7174
740, , , ,8369,0,26.7389484300958,42.6428225096234,478599.2784,4721185.1119
741, , , ,8370,0,26.7387651594732,42.6428342701952,478584.2581,4721186.4642
742, , , ,8371,0,26.7392875002251,42.6435028901396,478627.3079,4721260.5766
743, , , ,8372,0,26.7395330102155,42.6429887101835,478647.2585,4721203.4193
744, , , ,8373,0,26.7400674103485,42.6432473197224,478691.1562,4721232.0009
745, , , ,8374,0,26.740772409922,42.6432660296749,478748.9573,4721233.9011
746, , , ,8375,0,26.7414244594149,42.6433722101046,478802.4473,4721245.5279
747, , , ,8376,0,26.742204350288,42.6431799500889,478866.3163,4721223.9839
748, , , ,8377,0,26.7430073701989,42.643839830147,478932.3693,4721297.0576
749, , , ,8378,0,26.7416973296013,42.643917979718,478825.0018,4721306.0626
750, , , ,8379,0,26.74055397041,42.6443106096928,478731.4058,4721349.9477
751, , , ,8380,0,26.7404118098761,42.6447037595537,478719.8859,4721393.6394
752, , , ,8381,0,26.7438093197657,42.6446017801899,478998.3675,4721381.4662
753, , , ,8384,0,26.7275126096826,42.6513477296856,477664.8319,4722134.7224
754, , , ,8385,0,26.7276495300359,42.6504245302931,477675.7248,4722032.1727
755, , , ,8386,0,26.7277494103542,42.6499283204013,477683.7345,4721977.0464
756, , , ,8387,0,26.6881761405587,42.3706903297407,474325.900500001,4690981.9648
757, , , ,8389,0,26.6869091195309,42.3700987704194,474221.338000001,4690916.6637
758, , , ,8390,0,26.6853049303031,42.3704661797901,474089.4063,4690957.9471
759, , , ,8391,0,26.6842254996743,42.3700241596372,474000.3484,4690909.1964
760, , , ,8392,0,26.6725037903316,42.3687228202351,473034.6706,4690768.3518
761, , , ,8393,0,26.6664065997997,42.3629975597577,472530.1464,4690134.5928
762, , , ,8394,0,26.6648115500425,42.362001939787,472398.3656,4690024.5596
763, , , ,8395,0,26.6578676504768,42.3574834002657,471824.5397,4689525.1163
764, , , ,8396,0,26.6565393197164,42.3517688899871,471712.5856,4688891.0413
765, , , ,8397,0,26.6535133801761,42.346098130221,471460.8039,4688262.3947
766, , , ,8398,0,26.6475970397655,42.3485382102942,470974.6124,4688535.333
767, , , ,8399,0,26.64679310986,42.3482845204141,470908.2803,4688507.439
768, , , ,8400,0,26.6436895005006,42.3473560900072,470652.2208,4688405.4162
769, , , ,8401,0,26.6438828898429,42.3359981703325,470662.8698,4687144.215
770, , , ,8402,0,26.560178470096,42.4044182803327,463806.5428,4694773.5919
771, , , ,8403,0,26.5680782300754,42.3955241199687,464451.6048,4693782.6767
772, , , ,8404,0,26.5887825095605,42.4010245199514,466158.5846,4694384.9701
773, , , ,8405,0,26.6034854593926,42.4083532202857,467372.3732,4695192.9754
774, , , ,8406,0,26.6037568897198,42.3928561803746,467386.6836,4693472.1282
775, , , ,8407,0,26.6043161800588,42.3827829498461,467427.5094,4692353.4161
776, , , ,8408,0,26.5838410699589,42.3836789800135,465742.4932,4692460.9577
777, , , ,8409,0,26.5764761397926,42.3818044101119,465135.1863,4692255.8066
778, , , ,8411,0,26.5817202602349,42.37267682997,465561.9001,4691240.1747
779, , , ,8412,0,26.5821817897928,42.3728127301107,465599.9733,4691255.0777
780, , , ,8413,0,26.5946572301641,42.3703915599868,466625.8276,4690981.2671
781, , , ,8414,0,26.5954013704507,42.3698206300481,466686.7953,4690917.5813
782, , , ,8415,0,26.5584156205547,42.3064057403456,463604.9649,4683891.4173
783, , , ,8416,0,26.5608728604817,42.3086654998696,463808.7835,4684141.2823
784, , , ,8417,0,26.5608573605793,42.3087237103439,463807.5394,4684147.7523
785, , , ,8420,0,26.555733810169,42.3160156297057,463389.501400001,4684959.6036
786, , , ,8421,0,26.554795630261,42.3178254202392,463313.2402,4685160.9583
787, , , ,8422,0,26.5542397600584,42.3195781403787,463268.4534,4685355.812
788, , , ,8423,0,26.5514329203812,42.3187045698547,463036.6524,4685260.0301
789, , , ,8424,0,26.5471315302483,42.3174406197731,462681.4567,4685121.5642
790, , , ,8426,0,26.5436996205236,42.3308606598693,462406.640800001,4686613.1755
791, , , ,8427,0,26.5425383899122,42.3343337601906,462313.0435,4686999.3272
792, , , ,8428,0,26.5411914696614,42.3362305704076,462203.2161,4687210.5384
793, , , ,8429,0,26.523587290333,42.5713157403056,460899.4857,4713321.9012
794, , , ,8430,0,26.5255361495891,42.5643280100834,461055.0877,4712545.0842
795, , , ,8431,0,26.5272312703333,42.5660575400911,461195.2987,4712736.3535
796, , , ,8432,0,26.5276501404657,42.551742930288,461220.8165,4711146.6668
797, , , ,8433,0,26.5515602497313,42.5311744302057,463171.7162,4708852.0802
798, , , ,8434,0,26.6009282797275,42.513786190063,467217.001,4706901.0326
799, , , ,8436,0,26.572606700192,42.4532574595962,464856.5716,4700191.3511
800, , , ,8437,0,26.572606700192,42.4532574595962,464856.5716,4700191.3511
801, , , ,9515,0,26.2215029095016,42.4007734001169,435932.6799,4694568.7013
802, , , ,9528,0,26.1973782298543,42.4074670998585,433954.3213,4695330.4277
803, , , ,9529,0,26.1984297496297,42.4073866602326,434040.7644,4695320.6789
804, , , ,9530,0,26.1991220094022,42.4051765303703,434095.4156,4695074.7338
805, , , ,9531,0,26.2055088897925,42.4018479401268,434617.5415,4694700.2
806, , , ,9586,0,26.6148519105929,42.3181435496517,468262.3042,4685172.1385
807, , , ,9587,0,26.6151964195364,42.3188314798567,468291.0385,4685248.3946
808, , , ,9588,0,26.6132266900929,42.3163019095516,468127.4502,4684968.2589
809, , , ,9589,0,26.6122909105191,42.3152189903703,468049.7882,4684848.3676
810, , , ,9590,0,26.611977690508,42.3146166496203,468023.6715,4684781.6042
811, , , ,9591,0,26.608582750013,42.3087997000061,467740.9289,4684136.9994
812, , , ,9592,0,26.6085613500981,42.3063019297422,467737.8898,4683859.6674
813, , , ,9593,0,26.608605019785,42.3054470901644,467741.0526,4683764.7337
814, , , ,9594,0,26.6087243604945,42.3051466698388,467750.7354,4683731.3313
815, , , ,9595,0,26.6082854702439,42.3051270096638,467714.5516,4683729.3147
816, , , ,9596,0,26.6079903999052,42.3045422396205,467689.9326,4683664.4967
817, , , ,9597,0,26.6105939401822,42.3125866803672,467908.6073,4684556.727
818, , , ,9598,0,26.6066361394687,42.3133961599982,467582.8554,4684648.1076
819, , , ,9599,0,26.6058201700995,42.3136808398853,467515.7576,4684680.0282
820, , , ,9600,0,26.6022692099159,42.3177958800295,467225.2589,4685138.3041
821, , , ,9601,0,26.5982538001971,42.3197574000899,466895.3994,4685357.6563
822, , , ,9602,0,26.5987816305666,42.3198083496108,466938.9203,4685363.1083
823, , , ,9603,0,26.5998317601526,42.3195151099562,467025.2998,4685330.1409
824, , , ,9604,0,26.6112288701069,42.3209790503366,467965.1895,4685488.3367
825, , , ,9605,0,26.6155289399562,42.3310930801802,468324.5908,4686609.7425
826, , , ,9606,0,26.6131669504616,42.3337216998999,468131.3204,4686902.4948
827, , , ,9607,0,26.6105588096836,42.3359610396094,467917.5904,4687152.1215
828, , , ,9608,0,26.610040750529,42.3365213903957,467875.1975,4687214.5359
829, , , ,9609,0,26.6108426204009,42.3362584503752,467941.122000001,4687185.0377
830, , , ,9610,0,26.6113139201604,42.3361806996319,467979.9084,4687176.2271
831, , , ,9611,0,26.6108504604173,42.3368645301705,467942.0757,4687252.3312
832, , , ,9612,0,26.6109189403554,42.3372377896211,467947.9066,4687293.7505
833, , , ,9613,0,26.6111515305021,42.3374745001423,467967.1873,4687319.9462
834, , , ,9616,0,26.2523030303699,42.372337629785,438439.6469,4691388.5062
835, , , ,9617,0,26.2511308495925,42.3736088196909,438344.3803,4691530.5048
836, , , ,9644,0,26.3398586199338,42.4442278498777,445710.4479,4699311.3231
837, , , ,9645,0,26.33745150031,42.4309808496965,445501.0092,4697841.9444
838, , , ,8501,205185,26.6515482002471,42.1463856700921,471208.2676,4666088.2151
839, , , ,8502,205189,26.6586574999826,42.1458607102848,471795.4596,4666027.555
840, , , ,8503,205188,26.6619890002834,42.1465572696124,472071.0422,4666103.8002
841, , , ,8504,205210,26.6645104403922,42.143981039734,472278.2585,4665816.9349
842, , , ,8505,205190,26.6736505297728,42.1465127001795,473034.585799999,4666095.1029
843, , , ,8506,205191,26.6751109599077,42.1461027304486,473155.0843,4666049.123
844, , , ,8507,205208,26.6861426693994,42.1453343597785,474066.2992,4665960.3999
845, , , ,8508,205207,26.6871157901198,42.1449479300954,474146.55,4665917.1988
846, , , ,8509,205206,26.6944705105763,42.1452930301977,474754.4042,4665953.3152
847, , , ,8510,205196,26.6950274401248,42.1467999898193,474801.0204,4666120.4712
848, , , ,8232,204880,26.7691825194413,42.1389162298251,480925.8728,4665225.8994
849, , , ,8513,204993,26.8599040302331,42.0136993003348,488400.0727,4651306.7362
850, , , ,8233,204879,26.7750943698315,42.1414055697492,481415.1402,4665500.9914
851, , , ,8514,204992,26.8609070095914,42.0145614001723,488483.2748,4651402.319
852, , , ,8234,204877,26.7784553896543,42.1424842403475,481693.1857,4665620.032
853, , , ,8235,204878,26.7794110404412,42.1430365603837,481772.3121,4665681.1526
854, , , ,8516,204972,26.883363889972,42.0380829901647,490346.2358,4654011.1294
855, , , ,8518,204962,26.8682956200878,42.0513954100793,489101.337,4655491.014
856, , , ,8238,204856,26.7845503805973,42.1487564097564,482198.5883,4666315.1533
857, , , ,9648,205164,26.8096665002475,42.1667173301636,484278.2417,4668304.4585
858, , , ,9650,205165,26.8090755798223,42.1667841701103,484229.4476,4668311.9889
859, , , ,9651,0,26.8084004796678,42.1666320496678,484173.6457,4668295.2236
860, , , ,9652,205166,26.8064269805358,42.1691135697466,484011.2571,4668571.12
861, , , ,8241,204961,26.951378959804,42.0493720000059,495976.4352,4655259.1085
862, , , ,8242,0,26.9515546794465,42.0493111096045,495990.9728,4655252.3396
863, , , ,9657,205167,26.8018093503091,42.1716272896875,483630.498100001,4668851.0993
864, , , ,8248,0,26.9492376197376,42.0466967501401,495799.0554,4654962.179
865, , , ,8249,204976,26.9488292996772,42.0466133704145,495765.2585,4654952.9415
866, , , ,8251,204975,26.9449990497222,42.0445132701566,495448.127999999,4654719.9646
867, , , ,8253,204974,26.9416031700132,42.0414572799874,495166.8538,4654380.8452
868, , , ,8254,0,26.9413806101748,42.0413495997892,495148.4257,4654368.9021
869, , , ,9661,205168,26.7962685896564,42.1722082396,483173.0143,4668916.6811
870, , , ,9664,204657,26.6906569602589,42.1813202002619,474453.7912,4669954.6253
871, , , ,8258,204715,26.7364141200965,42.1985687598085,478238.4352,4671857.0926
872, , , ,9665,204656,26.6905841095255,42.1807446697167,474447.5433,4669890.7445
873, , , ,8519,204683,26.716199690502,42.205062469758,476571.9362,4672583.463
874, , , ,8259,204716,26.7398455002508,42.1971692403549,478521.2551,4671700.8303
875, , , ,8520,204684,26.7152756199227,42.2062419998918,476496.0902,4672714.684
876, , , ,8521,204677,26.697873879964,42.1887932403506,475052.7186,4670782.2409
877, , , ,8261,204714,26.745756429542,42.1870373602407,479005.9179,4670574.3889
878, , , ,9668,204678,26.7036505305811,42.1791839904302,475526.005199999,4669713.6281
879, , , ,8263,205138,26.7550247902228,42.1912910701127,479772.6065,4671044.4504
880, , , ,8523,205192,26.6820573702381,42.162176770177,473735.699300001,4667831.6955
881, , , ,9669,204680,26.7022068400918,42.1754414603096,475405.3279,4669298.5009
882, , , ,8524,205193,26.6816476698223,42.1561269301971,473699.35,4667160.0951
883, , , ,9670,204679,26.6990357003325,42.1757603697469,475143.5488,4669334.829
884, , , ,8264,205136,26.7648286500893,42.1923539095698,480582.4286,4671160.1823
885, , , ,8265,205135,26.7700123796791,42.1960868002588,481011.5552,4671573.4884
886, , , ,9671,204681,26.7132201295321,42.1675215398106,476311.9589,4668416.0183
887, , , ,8267,205134,26.7753769502183,42.1954330897126,481454.278800001,4671499.7249
888, , , ,8525,205171,26.7505439504801,42.1662035202968,479394.484,4668259.9909
889, , , ,8526,204712,26.7426049596963,42.1698447899208,478739.928,4668666.2363
890, , , ,9672,205200,26.726073410585,42.1571467601533,477369.9451,4667260.597
891, , , ,9673,205199,26.7257195199486,42.1573149298681,477340.7689,4667279.3631
892, , , ,9675,205083,26.831360449564,42.2429137798912,486086.9149,4676761.0014
893, , , ,9676,0,26.8145922202253,42.2462546200846,484704.3105,4677134.8206
894, , , ,9678,0,26.8138243500296,42.2462650898347,484640.965599999,4677136.1212
895, , , ,8271,204911,26.8273414202852,42.1028515398065,485723.8743,4661210.238
896, , , ,9679,205085,26.8185540395412,42.2367021599759,485028.893,4676073.4731
897, , , ,8527,204926,26.9901408194573,42.0888609801407,499184.623100001,4659642.4813
898, , , ,8273,204921,26.8144114897814,42.0981157601351,484653.6319,4660686.6612
899, , , ,9680,0,26.818999909862,42.2368617398883,485065.7194,4676091.1136
900, , , ,8274,0,26.8081813200523,42.0977415595827,484138.3639,4660646.2509
901, , , ,9681,205086,26.8154242896313,42.2294380899981,484768.910799999,4675267.4729
902, , , ,8275,204919,26.8041671204992,42.0977094099584,483806.4183,4660643.4341
903, , , ,8276,204920,26.8013138703587,42.0978535099385,483570.517799999,4660659.9782
904, , , ,8528,204960,26.9953149100907,42.0540792302823,499612.3207,4655780.6188
905, , , ,8277,204912,26.806101350284,42.1039070596511,483967.9227,4661331.1999
906, , , ,9683,205100,26.8076486801544,42.2248611397978,484126.1248,4674760.6974
907, , , ,8530,204944,26.9472264205541,42.0676075601752,495634.047,4657284.0063
908, , , ,9685,205117,26.8045124196517,42.2157074799714,483864.9732,4673744.926
909, , , ,9686,205116,26.8142636595943,42.2094520601268,484668.3022,4673048.5686
910, , , ,9688,205119,26.7513731996326,42.2080172497284,479476.5109,4672902.4778
911, , , ,9689,205118,26.7505994696826,42.212394349638,479414.062800001,4673388.667
912, , , ,8531,204955,26.7704803305844,42.0574671502699,481008.8339,4656182.2496
913, , , ,8281,204952,26.776662290028,42.0675469599544,481523.2712,4657300.0583
914, , , ,9691,204717,26.7465575596257,42.2240597602473,479084.2865,4674684.8985
915, , , ,8282,0,26.789882670461,42.0806059897765,482620.5569,4658747.2353
916, , , ,9692,205096,26.7561105799707,42.2352199200578,479876.2093,4675921.7497
917, , , ,8283,204938,26.790006540278,42.0803388503125,482630.7297,4658717.5495
918, , , ,8532,204999,26.7524130999146,42.0195448801024,479501.7109,4651975.9204
919, , , ,8284,0,26.7898372403529,42.0804102099028,482616.7458,4658725.507
920, , , ,9693,205097,26.7545053895693,42.2333463296126,479743.1627,4675714.0986
921, , , ,8285,204934,26.798336939488,42.0841507297962,483320.7639,4659139.1256
922, , , ,9694,204718,26.7436527696296,42.2337169599148,478847.7886,4675757.887
923, , , ,8533,204967,26.7582546698743,42.0504466800076,479995.0414,4655405.5536
924, , , ,8534,204965,26.7925344097045,42.0511281595684,482831.9503,4655473.77
925, , , ,8287,204917,26.777442140261,42.096198149739,481596.0697,4660481.0469
926, , , ,8535,204947,26.829837900528,42.0654791997366,485922.0342,4657060.3529
927, , , ,8536,204941,26.8534507205788,42.0747365695896,487877.348,4658084.5836
928, , , ,9695,204682,26.7180147895081,42.1918768899775,476716.9351,4671118.9336
929, , , ,8537,205062,26.8791282997585,42.2555373795972,490029.8426,4678155.953
930, , , ,8538,0,26.8791380305678,42.2559173802964,490030.7051,4678198.1448
931, , , ,8288,205056,26.8478057601993,42.2595155502565,487446.9771,4678601.8048
932, , , ,8539,205093,26.8843358095859,42.2515864197994,490458.791,4677716.6667
933, , , ,8290,205058,26.8471943794543,42.2552910395833,487395.709,4678132.8312
934, , , ,8292,205059,26.8529082204338,42.2542896604206,487866.8278,4678020.8148
935, , , ,9697,205024,26.7897153301298,42.3016226101515,482667.2047,4683287.3282
936, , , ,8295,205046,26.7563738101118,42.2775056499821,479911.353900001,4680616.8384
937, , , ,8297,0,26.7558806305883,42.2768732902507,479870.4866,4680546.7412
938, , , ,8298,0,26.7553284397156,42.2769472695827,479824.977800001,4680555.0861
939, , , ,9698,0,26.7902988205506,42.2289847097755,482695.4458,4675221.9272
940, , , ,8299,205048,26.7574500994985,42.2691273601632,479997.4523,4679686.3079
941, , , ,9699,205099,26.7807060094536,42.2326174804082,481904.8837,4675627.2779
942, , , ,8700,205047,26.7567188603383,42.2691475200193,479937.155,4679688.7183
943, , , ,9701,0,26.7825999802793,42.2313037699285,482060.7934,4675481.0118
944, , , ,8701,205049,26.7652301802616,42.2662414496895,480638.1754,4679364.0757
945, , , ,9703,205088,26.7830573797964,42.2455924301534,482102.5748,4677067.4365
946, , , ,8702,205050,26.7736631401846,42.2588387102151,481331.4711,4678540.2374
947, , , ,8703,0,26.7726094702986,42.2517657997986,481242.4673,4677755.136
948, , , ,8704,0,26.7730055594356,42.2519471401572,481275.1945,4677775.1838
949, , , ,9704,205054,26.8375565200957,42.2586599303328,486601.4356,4678508.3629
950, , , ,9705,205092,26.8567308897232,42.2534422002007,488181.9905,4677926.1808
951, , , ,8542,204852,26.8235967902005,42.1618683500139,485427.7868,4667763.594
952, , , ,8543,205160,26.8787672200336,42.1771637200926,489987.6866,4669453.9265
953, , , ,8544,205158,26.9005823094884,42.1782095397217,491789.476,4669567.717
954, , , ,9804,204882,26.805942890138,42.1343597501618,483962.5013,4664712.4294
955, , , ,8546,205124,26.8646535601408,42.2025969500974,488826.5544,4672279.5958
956, , , ,8547,205130,26.852480989713,42.1969164799808,487820.564,4671650.5438
957, , , ,8548,205122,26.8270966004935,42.2016386800271,485725.8452,4672178.799
958, , , ,8549,205063,26.8985955501641,42.2688317603191,491637.3648,4679629.9863
959, , , ,8550,205064,26.9078413105799,42.2699020899676,492399.974,4679747.9631
960, , , ,8551,205039,26.9518904095113,42.2723468497002,496032.7127,4680016.424
961, , , ,8552,205076,26.9082741498364,42.2428512495798,492432.4354,4676744.3657
962, , , ,8553,205079,26.8906919704827,42.2403361001792,490981.5124,4676466.8105
963, , , ,9706,204892,26.9672794901046,42.1296748701308,497295.6739,4664174.5583
964, , , ,8554,204862,26.8524522003692,42.1489921901162,487808.9873,4666329.4062
965, , , ,9707,204894,26.9680090794906,42.1279308199544,497355.9014,4663980.8912
966, , , ,9708,0,26.9680110496593,42.126556720015,497356.0071,4663828.323
967, , , ,8556,204860,26.8466633197564,42.1526670097617,487331.4186,4666738.2709
968, , , ,9709,0,26.9677187001521,42.1264651396273,497331.8396,4663818.1638
969, , , ,9710,0,26.9669890100996,42.1259452497654,497271.5059,4663760.4628
970, , , ,8557,204861,26.8473705303343,42.1544528203535,487390.2024,4666936.4481
971, , , ,9711,0,26.9681496797643,42.1254060497453,497367.4177,4663700.5583
972, , , ,9712,0,26.9675690401106,42.1252913103949,497319.4202,4663687.8367
973, , , ,9713,204896,26.9688172197693,42.1247745597766,497422.5675,4663630.4228
974, , , ,9714,204897,26.9711850100043,42.1262534899764,497618.3341,4663794.5616
975, , , ,9715,204891,26.963764660562,42.1304175397771,497005.2108,4664257.1352
976, , , ,8558,204863,26.8709937604991,42.149633719906,489341.076,4666398.1553
977, , , ,9716,204870,26.9652606200748,42.1388599396354,497129.2306,4665194.4559
978, , , ,8559,204850,26.928302800388,42.1621369601426,494077.3055,4667780.8483
979, , , ,9718,205156,26.9307658005744,42.1679651301267,494281.2916,4668427.7941
980, , , ,8560,204849,26.9321450597046,42.163183349763,494394.7956,4667896.7716
981, , , ,9719,0,26.9295339102798,42.1645799901097,494179.2278,4668052.0182
982, , , ,9720,204847,26.9285890902995,42.1649868801135,494101.2198,4668097.2609
983, , , ,9721,204951,26.7928546901668,42.0680329201174,482862.9998,4657350.6428
984, , , ,8709,204948,26.8156539300157,42.0709854603573,484749.8739,4657674.1466
985, , , ,9722,204933,26.8307108094779,42.088199750253,485999.2472,4659582.8813
986, , , ,9723,204902,26.7923022894675,42.1160365602109,482830.2513,4662680.6322
987, , , ,8712,204956,26.8562068794951,42.0578900397661,488102.1942,4656213.7233
988, , , ,9724,204900,26.7522023997287,42.1135449702258,479514.509,4662412.8248
989, , , ,9725,0,26.752689240296,42.1133378699381,479554.6897,4662389.7136
990, , , ,9726,0,26.7530378205242,42.113384830227,479583.5221,4662394.8443
991, , , ,9727,204923,26.9157263798759,42.096346120372,493031.197,4660476.95
992, , , ,9728,204872,26.9273323794223,42.1420980095786,493995.2481,4665555.955
993, , , ,9729,204889,26.9058838804475,42.1332526399113,492221.8093,4664575.5708
994, , , ,9730,204888,26.912810719709,42.1289557399687,492793.7883,4664097.8723
995, , , ,9731,204873,26.9099061403588,42.1389611003663,492554.896099999,4665209.0313
996, , , ,9732,204851,26.8619157102174,42.1588504501998,488592.6724,4667422.6794
997, , , ,9733,204846,26.8561723794053,42.1654117596081,488119.435600001,4668151.9784
998, , , ,8713,205216,26.58612134054,42.1329371596927,465794.958,4664619.1354
999, , , ,8714,205218,26.5803438195696,42.1315044200675,465316.6917,4664462.3859
1000, , , ,8715,0,26.5787567899417,42.1328920703307,465186.2882,4664617.1048
1001, , , ,8716,205217,26.5792116094737,42.1332362799755,465224.0652,4664655.1377
1002, , , ,9734,205109,26.932385700074,42.2181435401987,494419.5103,4673999.1267
1003, , , ,8717,205219,26.5750272998649,42.1330243300488,464878.1364,4664633.3168
1004, , , ,8718,205220,26.5724765499861,42.1329841900884,464667.307,4664629.9121
1005, , , ,8719,0,26.5718779004642,42.1329649799282,464617.8208,4664628.027
1006, , , ,9735,0,26.7214543402037,42.1664711098807,476991.7253,4668297.1342
1007, , , ,8720,205224,26.5620193102655,42.1305037901811,463801.654,4664358.8881
1008, , , ,9736,204711,26.7248022597079,42.1689810698598,477269.1671,4668574.9236
1009, , , ,9737,205172,26.7551620802243,42.1770637600772,479779.4094,4669464.7236
1010, , , ,8723,205225,26.5617229604793,42.1326765099576,463778.3991,4664600.2546
1011, , , ,8724,205226,26.5593247195776,42.1340927702245,463581.0064,4664758.5244
1012, , , ,8727,205223,26.5670768702751,42.1346387004038,464221.9806,4664815.8633
1013, , , ,8728,0,26.5674627494915,42.1347586704163,464253.9383,4664829.0222
1014, , , ,8729,205221,26.5711234399625,42.1361481302998,464557.2431,4664981.7707
1015, , , ,8730,205214,26.6108963295596,42.1414051697019,467846.7766,4665549.7282
1016, , , ,8731,205212,26.6286476702278,42.1400554203171,469312.9927,4665393.3315
1017, , , ,8088,200015,26.3488524589215,42.5126946058203,446508.4469,4706908.0768
1018, , , ,8078,200034,26.3707156244173,42.5933022067847,448370.9895,4715845.1974
1019, , , ,8080,200035,26.3674015400365,42.593950452963,448099.6257,4715919.2058
1020, , , ,8087,200039,26.3708195869108,42.5979127046064,448383.3242,4716357.0883
1021, , , ,8099,200076,26.4942357811955,42.5543795370618,458479.2917,4711455.2709
1022, , , ,8066,200077,26.4976806972392,42.5557276935586,458762.9903,4711603.2876
1023, , , ,8067,200081,26.4621190508432,42.5501231893261,455839.6619,4710998.8863
1024, , , ,8068,200082,26.4688900547359,42.5400517104963,456388.5569,4709877.0437
1025, , , ,8069,200086,26.4771533942281,42.5398675429614,457066.9664,4709852.3742
1026, , , ,8070,200087,26.4821876752683,42.5396126924187,457480.1795,4709821.5374
1027, , , ,8071,200088,26.4827720047332,42.5416148404322,457529.5184,4710043.5624
1028, , , ,8094,200606,26.6558902815264,42.1806206458899,471582.3681,4669887.9458
1029, , , ,8072,200668,26.6878326386786,42.2038976799624,474229.7257,4672462.3146
1030, , , ,8229,200875,26.3429680967609,42.5092832706472,446022.1113,4706533.0134
1031, , , ,8089,200912,26.6384314522377,42.2423762080917,470169.6356,4676750.8243
1032, , , ,9454,200920,26.6310767351683,42.1726139895421,469529.3435,4669007.5085